0-20Soc_Pmean(abs),20-40Soc_Pmean(abs),40-60Soc_Pmean(abs),60-80Soc_Pmean(abs),80-100Soc_Pmean(abs),100-120Soc_Pmean(abs),120-140Soc_Pmean(abs),0-20Soc_Pmax,20-40Soc_Pmax,40-60Soc_Pmax,60-80Soc_Pmax,80-100Soc_Pmax,100-120Soc_Pmax,120-140Soc_Pmax,0-20Soc_Pmin,20-40Soc_Pmin,40-60Soc_Pmin,60-80Soc_Pmin,80-100Soc_Pmin,100-120Soc_Pmin,120-140Soc_Pmin,cluster
0.34425442223191227,3.06736276570216,4.488321323021544,4.982863851323935,2.5332050376693407,0.2891655609843926,9.399244816688045,2.9267311999999945,5.9529072,5.912780000000001,5.909845,4.890137199999995,0.9986964000000019,-6.687240521428572,-1.2861984,-10.787719999999998,-14.893882200000002,-16.028503,-14.9835024,-7.917317200000001,-12.211193392857144,3
0.14503757089839645,2.1808690617441533,2.8361734857318623,2.904571965216415,1.9536091037378596,0.26134559959975073,9.399244816688045,1.2941937999999995,4.767815999999989,4.753531600000031,6.3487344,6.36996,0.9816054999999999,-6.687240521428572,-1.2410376,-9.978214000000001,-13.386000000000001,-13.739121,-13.7496986,-7.940887300000001,-12.211193392857144,3
0.29032968710768675,2.729255231470938,2.939014543583882,2.8104349754211673,0.8861738970923664,0.08782648639520056,9.399244816688045,3.7886544000000013,5.9296377,6.415823400000001,7.436472499999999,6.207679199999997,0.07813559999999604,-6.687240521428572,-1.9356095999999998,-10.426898600000001,-12.783491600000001,-14.113932500000002,-12.87132,-2.4108408,-12.211193392857144,3
0.19382786069610602,2.3813540175930337,4.128762808797452,5.360052362131237,2.5119982921569846,0.2605164376141452,9.399244816688045,2.5089839999999977,7.935602199999991,10.901795199999997,11.508637499999999,8.105012000000002,0.7048800000000011,-6.687240521428572,-1.3587141999999999,-11.1597772,-13.2398168,-13.96698,-13.1776826,-7.519223,-12.211193392857144,0
0.36959081967751684,2.466823138110898,3.9042068649945163,4.47782481722159,3.0064490234354935,0.34459073830527026,9.399244816688045,3.2472753999999995,5.2943118,5.897744100000009,6.180883799999998,6.16904,1.561377600000011,-6.687240521428572,-1.4436227999999998,-10.1158,-13.5041412,-14.9993762,-14.521323600000002,-6.9019808000000005,-12.211193392857144,0
0.3683245924956238,2.3191866672260923,1.6059846697473814,1.1711664586829502,0.9162902559214872,0.18987534979829998,9.399244816688045,2.6507302031446534,5.2179123978723405,1.9436782000000015,4.92380500000001,3.8705935999999856,0.4573055000000058,-6.687240521428572,-1.8564066301886781,-9.717992351063824,-17.1549988,-11.1684104,-10.722853200000001,-7.773217500000001,-12.211193392857144,1
0.2214999463454577,1.8379777129410004,2.0868811752935534,2.5013211930894004,2.526432234900197,0.2686550199421137,9.399244816688045,2.3842269000000043,4.6077378000000015,5.356048800000001,6.3951150000000005,6.491398400000013,1.3561703999999961,-6.687240521428572,-1.3919893,-6.759068200000001,-10.765780000000001,-13.877865,-14.3477808,-7.7079456,-12.211193392857144,3
0.7682145070020004,3.0396469155917236,4.499770651873964,2.9620252924292214,2.103135686988303,0.14529745649665912,9.399244816688045,5.577257199999995,6.179577999999999,6.0916792,3.7294400000000008,5.9548579999999935,0.22104799999999955,-6.687240521428572,-1.2954936,-10.9926,-13.544813800000002,-13.153507699999999,-13.052938800000002,-5.1740766,-12.211193392857144,0
0.2515772062107932,2.5287281223747735,3.116488649931425,3.8692649794867653,2.1281624142581848,0.6387800574843225,9.399244816688045,2.617488999999991,6.322041000000009,6.2458984000000015,8.104511999999996,7.281780000000001,1.8467845000000038,-6.687240521428572,-1.3457092,-10.2021544,-13.120764,-14.869798000000001,-14.855076000000002,-11.858180099999998,-12.211193392857144,0
0.2998529086853667,2.070253260171519,2.818756386192184,3.6091798573578093,1.9821097880547751,0.48792118048199773,9.399244816688045,2.6542795999999993,3.976451999999997,4.9742,6.818941000000004,6.3520199999999996,1.7102949000000005,-6.687240521428572,-1.188649,-9.164712000000002,-12.9588196,-14.379792599999998,-14.0569316,-9.6911726,-12.211193392857144,3
0.1875497356034809,2.785717912485898,3.4577499577317776,4.062432450552518,2.6247277274682177,0.45312163838292124,9.399244816688045,2.30033639999999,6.781965999999992,5.8016,7.092270200000001,6.46965,1.9189440000000013,-6.687240521428572,-1.386017,-10.135724800000002,-13.129,-14.487628400000002,-13.985617600000001,-8.978994,-12.211193392857144,3
0.36705015301243227,2.1566303003801135,2.588240649102371,4.007254997188849,1.6247742310550197,0.1452918953689814,9.399244816688045,2.1629632,3.8272800000000005,3.82615,3.82072,3.8148,0.19088720000000023,-6.687240521428572,-1.1638392,-6.8257364,-10.3488186,-14.349667500000002,-14.796395,-4.0267122,-12.211193392857144,1
0.3208381066162279,2.236450923367632,2.678514340456121,3.4887205538050843,2.080980552004727,0.16153657524524448,9.399244816688045,3.4709819999999922,7.659928799999999,3.8597823000000004,5.1822171,5.248000000000001,0.4381500000000028,-6.687240521428572,-1.1731169999999997,-7.743719999999999,-10.5140394,-13.240409199999998,-13.4591888,-5.7461392,-12.211193392857144,0
0.3683245924956238,2.3191866672260923,17.512120000000003,1.3641552356145732,0.751215139695031,0.061099462577434975,9.399244816688045,2.6507302031446534,5.2179123978723405,-17.478604000000004,3.5471736,3.8572800000000003,0.02768,-6.687240521428572,-1.8564066301886781,-9.717992351063824,-17.545636000000005,-7.764002900000001,-10.2703284,0.01339,-12.211193392857144,1
0.3683245924956238,1.0104128879421441,1.4751427726239077,2.4748149113867415,1.8223754529895229,0.24777190671832502,8.928706145251397,2.6507302031446534,2.6152387000000004,3.841973400000004,4.636515,6.213748800000001,1.1929492000000086,-6.1974480000000005,-1.8564066301886781,-7.624494299999999,-8.317507399999998,-11.601590000000002,-13.1926051,-7.6853358,-12.376152,1
0.2970288894343277,2.290055986531594,2.879373536396473,3.609927174631578,2.609445030799472,0.30939289596293107,9.399244816688045,2.8069955999999836,5.1874161999999995,5.631420199999991,7.572127200000002,7.074,1.1357869999999994,-6.687240521428572,-1.3091751999999999,-8.993744999999999,-10.4348838,-11.166739200000002,-11.209456600000001,-7.1353374,-12.211193392857144,0
0.3683245924956238,2.189042640179352,2.555555271147576,2.9939063910749035,1.8505277202700539,0.167580300787628,9.399244816688045,2.6507302031446534,3.91392,3.9203827999999996,5.584442999999998,6.09994,0.9083860000000027,-6.687240521428572,-1.8564066301886781,-10.365891,-10.351911000000001,-13.5448183,-13.9519524,-6.135484,-12.211193392857144,0
0.43253235890391045,2.7018358745493765,3.7352100079038664,3.7629850121406077,1.6211525888061564,0.20412246001158996,9.399244816688045,3.509704800000002,5.223112399999999,6.350763400000001,7.235663999999999,6.331700999999997,0.9170375999999995,-6.687240521428572,-6.7281192,-10.655498000000001,-13.567677,-14.1087428,-13.287520999999998,-7.1659711999999995,-12.211193392857144,0
0.22410218886918173,2.91598600764719,4.286482584359766,5.300371306184456,2.299484925914832,0.5302647636260321,9.399244816688045,3.6849534000000004,6.645154599999998,7.445186,8.713803200000001,7.817538000000001,1.9275039999999943,-6.687240521428572,-1.5464016,-10.891346200000001,-14.062200000000002,-14.8731272,-14.562128000000001,-10.8860848,-12.211193392857144,0
0.2645349373618276,1.8927204854112598,2.416233107224677,3.2093534964835193,1.571517462386583,0.19519419037114877,9.399244816688045,1.6964315999999944,6.366465000000009,7.7993952,8.613445199999994,8.115886800000002,0.767907900000001,-6.687240521428572,-1.1904143999999999,-7.1438541,-11.280458399999999,-13.166510399999998,-13.544795599999999,-6.699209100000001,-12.211193392857144,0
0.3683245924956238,1.8089447954386468,2.5003744012513542,2.4285451958091144,1.440398164833069,0.11008896127456734,9.399244816688045,2.6507302031446534,3.717619200000001,4.321997999999998,5.941315200000002,6.00372,0.1106082000000034,-6.687240521428572,-1.8564066301886781,-10.0861072,-13.4699504,-14.2427312,-13.08065,-2.1265511,-12.211193392857144,2
0.3683245924956238,2.3191866672260923,17.30629193702943,0.8114369528840158,1.0146615883777907,0.18050886996717072,15.039052289416848,2.6507302031446534,5.2179123978723405,-17.0432704,3.8983200000000005,4.564759500000014,0.3157139999999967,-13.811063700000002,-1.8564066301886781,-9.717992351063824,-17.4938512,-5.99936,-10.142850900000001,-7.544856,-18.034394800000005,1
0.2513515076064042,2.389909070324188,3.3955538787743675,4.762101356980236,2.8399906061618383,0.325459543126749,9.399244816688045,2.2546391999999935,4.119587999999977,5.213940000000001,7.813607199999999,6.860888699999996,1.334,-6.687240521428572,-1.1598051999999999,-8.9087043,-12.684995200000003,-14.398713200000001,-13.9835333,-7.7075294,-12.211193392857144,0
0.35153611701289716,2.802326582145667,3.7676242501312434,4.140301400714812,2.633305253567338,0.3494979162144868,9.399244816688045,2.733240999999998,5.324006599999997,4.964430000000001,6.080128999999999,6.401786399999999,1.4369403999999975,-6.687240521428572,-1.7922542000000001,-11.452895999999999,-13.9572064,-14.983825000000001,-14.54088,-8.022360599999999,-12.211193392857144,0
0.16400874244852667,2.1284558406653002,3.134458334879302,3.572496810933136,1.5817598287189287,0.40862423823248056,9.399244816688045,2.9872499999999844,6.253944000000003,6.659667000000003,8.106712800000002,6.25604229999998,1.384299600000001,-6.687240521428572,-1.403404,-10.271364,-13.380734,-13.8881904,-13.144707800000003,-9.0686724,-12.211193392857144,0
0.3683245924956238,2.3191866672260923,1.8367358658943258,1.8189387882809935,1.144248951476385,0.13853037992557157,9.399244816688045,2.6507302031446534,5.2179123978723405,2.5806999999999993,3.8241976,3.8499300000000005,0.06820000000000001,-6.687240521428572,-1.8564066301886781,-9.717992351063824,-14.4336612,-9.9275832,-11.7655824,-2.8656859999999997,-12.211193392857144,1
0.40080362877328196,2.296477372837111,2.43031842780295,2.774638412555121,1.701679726356162,0.22132330237748815,9.399244816688045,2.3464887999999973,5.047559999999999,5.524519999999997,6.1426137999999995,6.5430600000000005,1.0569172999999996,-6.687240521428572,-1.042272,-8.580096000000001,-12.4396475,-14.673514300000003,-14.3224735,-4.930461,-12.211193392857144,2
0.24150964544534465,2.140814686979461,2.597127464098416,3.8782506708783613,1.6338734060982842,0.27244418239935975,9.399244816688045,3.4419839999999984,6.3545932,4.436725499999993,5.607577500000001,6.0233749,0.8183120999999993,-6.687240521428572,-1.2357132,-8.965009199999999,-11.127285000000002,-12.871120000000001,-12.167870700000003,-8.3796687,-12.211193392857144,3
0.3683245924956238,1.3820983976701688,2.0847198456973706,2.8102375875177286,2.254277031637,0.140723815825084,9.399244816688045,2.6507302031446534,2.707353,3.8959700000000006,6.060255,6.45337,0.0940716,-6.687240521428572,-1.8564066301886781,-4.2442151,-10.077365,-13.06886,-14.066040000000003,-4.315597199999999,-12.211193392857144,0
0.3129544901391279,2.462968131865724,4.160431455488493,4.9371189394384185,2.8214479380807664,0.4890360454442459,9.399244816688045,3.7045649999999912,5.9910511999999985,7.3940456000000045,8.913513,7.424841600000001,2.002406700000006,-6.687240521428572,-1.4737547999999994,-10.2498104,-14.115440800000002,-15.217408800000001,-14.5196728,-9.4804647,-12.211193392857144,0
0.42123741384877983,2.828441509686502,2.9259268196942156,3.0278847608569066,1.7072148984756177,0.3202340813444497,9.399244816688045,3.1858345999999997,4.9204658,5.497014,6.987423599999948,6.0122,1.3620672,-6.687240521428572,-1.2728178,-10.8839818,-13.027836,-14.3986204,-14.673011000000004,-8.7416664,-12.211193392857144,0
0.3683245924956238,1.5466005384511463,2.4309260381481863,1.809695560756692,1.1596275358248591,0.14723878956979747,9.399244816688045,2.6507302031446534,2.9252985,4.672656,4.630262,4.01075,0.07898700000000118,-6.687240521428572,-1.8564066301886781,-7.3716306000000005,-13.198622399999998,-11.088732000000002,-11.125739200000002,-4.983534000000001,-12.211193392857144,1
0.32025401527646014,2.571870711199958,3.8137910646048683,4.776249182895637,2.766128572257276,0.3067779672617285,9.399244816688045,3.280287599999995,5.8412855999999795,7.532099999999999,9.855733199999985,8.900670000000002,1.3137488000000006,-6.687240521428572,-1.404633,-10.685230799999998,-13.956284999999998,-14.910480000000002,-14.383465000000001,-7.6865423999999996,-12.211193392857144,0
0.29806350285085365,2.704702540116172,4.261790972353721,5.086976656602455,2.7946447483201546,1.4383223097753228,9.399244816688045,3.8514876,4.236810000000002,4.546110100000003,6.206344400000003,6.31281,4.917742499999998,-6.687240521428572,-1.2416399999999994,-10.841946,-15.529767600000003,-16.690520000000003,-15.289592200000001,-13.006794000000001,-12.211193392857144,3
0.2130302126115913,2.3583172121588616,2.8951548029845315,3.5263904321571307,2.4531560892532376,0.15480635653395713,9.399244816688045,2.226061500000001,5.57319519999999,4.878907800000001,6.377946400000001,5.157542799999982,0.6143484,-6.687240521428572,-1.6004436,-9.942590200000001,-11.8689632,-13.234706999999998,-13.4765748,-5.1743232,-12.211193392857144,0
0.3262329144967168,2.8885885795337933,2.8937176874589077,2.763249222080778,2.1266283047395964,0.23160534981372904,9.399244816688045,2.7216952000000023,8.425630799999999,7.991950699999993,6.708219599999986,6.4107899999999995,0.4424871,-6.687240521428572,-1.9096342,-10.0460856,-12.875306700000001,-13.901619199999997,-14.7506,-7.9836542999999995,-12.211193392857144,0
0.3683245924956238,1.7538788307155322,1.7841746526285251,2.1292263727820293,1.3018197574583883,0.36463192680974565,9.399244816688045,2.6507302031446534,3.6651300000000004,5.8562036000000015,8.653229199999995,7.453603200000015,1.411913600000001,-6.687240521428572,-1.8564066301886781,-2.647247,-10.4530824,-12.349477400000001,-11.7571524,-8.423138,-12.211193392857144,3
1.274272901092582,2.4367146985307984,2.9896187786523556,4.798316599561724,1.4758397382236483,0.15088863795129268,9.399244816688045,1.6943205000000003,4.587856100000001,5.193123299999922,6.2633949,5.907120000000001,0.4522671999999941,-6.687240521428572,-1.5632499999999998,-10.538367999999998,-13.7372265,-15.324692600000002,-15.1616075,-4.832042599999999,-12.211193392857144,0
0.30417024166846013,2.911053607680434,4.378258181654126,4.554669687363456,2.1537143705812842,0.2777911310104003,9.399244816688045,3.8491421999999997,6.009223299999996,6.364273400000001,7.117739199999998,6.32515,1.140391500000002,-6.687240521428572,-1.542492,-10.561449600000003,-13.296000000000001,-14.0588904,-13.373906000000003,-6.3919225,-12.211193392857144,0
0.43613913970000245,2.7210139096937622,3.743043700999347,4.707200740981618,2.081018674839774,0.5841150678966573,9.399244816688045,2.705407999999986,4.871764,5.958328000000002,9.1048467,7.590735200000001,1.6454799999999998,-6.687240521428572,-4.008304,-11.240574,-14.111417999999999,-16.116364800000003,-15.122148800000002,-10.7167516,-12.211193392857144,0
0.2953886715928432,2.319797336888424,2.975083839386383,4.098593126216625,2.612245177851586,0.3220898368362153,9.399244816688045,2.550544,3.775912,3.7771960000000004,5.150918400000049,6.116830600000002,1.2930099999999993,-6.687240521428572,-1.5185598,-9.361114000000002,-11.3088936,-13.1599416,-13.3421925,-7.797062700000001,-12.211193392857144,0
0.20397550220835747,2.2504547235096037,3.426733264992786,3.663547538659661,3.1057488179652206,0.613429100868303,9.399244816688045,2.4925788,6.1357192000000005,7.7045495999999885,8.238584999999995,8.149953000000005,2.667506400000003,-6.687240521428572,-1.3026900000000001,-10.523413599999998,-12.9343942,-13.440363,-13.742498000000001,-10.3537944,-12.211193392857144,0
0.28839610225234197,2.506480525723833,3.0254007603548136,4.04683292135736,2.429067310555378,0.30453630830004597,9.399244816688045,2.174126400000001,5.152042500000001,4.58601239999998,5.088161999999954,5.1352,1.0720743999999984,-6.687240521428572,-1.2253344,-9.537348499999998,-11.843646,-14.3940038,-15.043039,-9.3683584,-12.211193392857144,3
0.3683245924956238,1.7911562628998825,2.394059688425566,2.9024574572769457,1.6554701522540938,0.15020727157460392,9.399244816688045,2.6507302031446534,3.1324589999999986,4.393779000000001,4.826635400000001,6.072900000000001,0.5390040000000188,-6.687240521428572,-1.8564066301886781,-7.681554,-11.752695000000001,-12.2649708,-12.603990800000002,-4.12387,-12.211193392857144,1
0.16015182767280312,2.067026713667027,2.6310968030675843,3.4982710810740114,2.6740664333215123,0.35712398808603774,9.399244816688045,1.3729039999999981,4.113252200000001,5.105121699999995,6.290974,6.29974,1.353492800000002,-6.687240521428572,-1.240206,-9.2532048,-11.706020200000001,-12.629392600000001,-12.352269600000001,-8.0098872,-12.211193392857144,0
0.31238302155395253,3.5483381006292416,5.326875735626242,4.493177444474753,1.7619848087541397,0.07844447281306366,9.399244816688045,3.8705445,4.822145999999992,5.975668399999999,6.470375999999999,5.756622300000003,0.10675040000000001,-6.687240521428572,-1.777052,-11.350462799999999,-14.227170000000001,-14.775980000000002,-13.3441154,-1.3130068000000001,-12.211193392857144,0
0.3683245924956238,2.793836441615689,2.5385479685018506,2.367657012180788,1.9445382536760576,0.14824965829107342,9.399244816688045,2.6507302031446534,5.26148,5.835906299999996,5.336514000000012,5.951700699999998,0.2001,-6.687240521428572,-1.8564066301886781,-5.4325206,-9.4893791,-11.3489946,-12.095510700000002,-4.7738115,-12.211193392857144,0
0.2319410120120699,2.460657061181934,3.3351454666431106,3.642800345958463,1.3702227302988483,0.31504535270020056,9.399244816688045,2.5392399999999995,6.720416000000004,7.726043999999995,9.342267999999994,9.193445,1.2833099999999993,-6.687240521428572,-1.2461920000000002,-10.774416,-15.021796500000004,-16.20153,-15.674795000000003,-9.352785200000001,-12.211193392857144,3
0.4001278857364944,2.3727993957393934,2.335125934070823,2.13814724421823,1.8433591458559382,0.3073716072271211,12.901679999999999,0.0,3.7027479999999997,3.6891600000000007,6.845795099999987,7.757409599999998,0.56154,-12.901679999999999,-1.6353996,-7.354642000000002,-11.8137724,-12.971846400000002,-13.955860799999998,-9.847429499999999,-12.901679999999999,1
0.24574799227439512,2.7356695292265694,3.2677321201150997,3.784246525148125,2.0249985920141094,0.3598347766324295,9.399244816688045,2.5661988000000004,5.266007999999995,4.671,5.1199899,5.98728,1.5841694000000017,-6.687240521428572,-1.5510989999999998,-12.731984000000002,-14.310045000000002,-15.566902000000002,-14.7659567,-7.4628046,-12.211193392857144,2
0.35452748173289506,2.712161444651274,3.982508181790675,5.140136604302527,2.8836304008350635,0.46455954424516266,9.399244816688045,2.54084,3.4758879999999985,6.726829399999992,10.549643,10.311167200000007,1.5724184,-6.687240521428572,-1.5601148000000002,-9.997176,-12.622465600000004,-13.4101898,-12.960927000000002,-8.7100576,-12.211193392857144,0
0.23099027855867404,3.0305906256350497,4.561638164999383,4.952171691519362,2.1350537280379887,0.3826110753694265,9.399244816688045,3.87904,4.371001199999999,4.99536879999996,6.336335999999985,6.0235947,1.4545103999999924,-6.687240521428572,-1.531404,-12.0687768,-15.9645048,-16.238936,-14.1348639,-7.891804800000001,-12.211193392857144,2
0.3683245924956238,1.7453056895311962,2.3791755580741785,3.4040095724901858,1.9385848745567509,0.21669175426201365,9.399244816688045,2.6507302031446534,3.3147103999999996,3.277310400000001,5.489840000000001,5.317057200000003,0.6268812999999999,-6.687240521428572,-1.8564066301886781,-9.472468500000002,-11.3402532,-14.10345,-14.6160008,-6.4477338,-12.211193392857144,0
0.33026924178860123,2.105751370845833,2.988696590917106,3.520766621000209,2.545395866181958,0.29749661602281224,9.399244816688045,2.3976133999999996,4.253040000000001,4.0127495999999985,5.131508800000001,5.862809900000019,1.2935613999999986,-6.687240521428572,-1.586351,-8.99535,-12.4614072,-14.332175000000001,-14.647216500000003,-8.6382783,-12.211193392857144,3
0.3683245924956238,2.3191866672260923,1.194723002402021,1.3806494685880661,1.409133147006156,0.22521683624795383,9.399244816688045,2.6507302031446534,5.2179123978723405,3.248307299999999,6.055200000000001,6.40256,0.5669748000000006,-6.687240521428572,-1.8564066301886781,-9.717992351063824,-7.8973439999999995,-9.342272000000001,-12.572757100000002,-8.702044800000001,-12.211193392857144,1
0.09668492106927522,1.6174794887880328,2.144676474952258,2.8090845296641374,1.9150997991547893,0.2030800524971794,9.399244816688045,1.2626249999999986,4.762516799999995,4.720262800000001,5.894952999999999,5.93065,0.5099105999999999,-6.687240521428572,-1.4043299999999999,-11.6567748,-13.143341,-14.124508999999998,-14.421163200000002,-5.332452000000001,-12.211193392857144,0
0.21102917637980284,2.1919829949216454,2.58891280064298,3.055260482151892,1.8053483178653011,0.1996356801161036,9.399244816688045,1.9488770000000015,6.393534500000002,5.682998000000001,6.90831,6.91362,0.7998,-6.687240521428572,-1.538316,-9.9686612,-12.122800000000003,-13.324753499999998,-13.47906,-6.1945706000000005,-12.211193392857144,0
0.5701780606106754,2.5235260101592485,1.9209930528750945,2.956208578159034,2.1901203224108534,0.12047273786354652,9.399244816688045,3.6024200000000004,6.0064928,4.7081100000000005,6.046332800000001,6.0306,0.09386999999999933,-6.687240521428572,-0.8954798000000002,-11.893858600000002,-9.7321594,-13.484574,-14.200455,-3.1786092000000004,-12.211193392857144,3
0.30021444204128056,2.2755484656566867,2.7825913829273703,3.5629864486235627,2.7084053191985547,0.15665669924089332,9.399244816688045,3.2127471999999835,6.099780600000001,3.9946900000000407,5.761466999999985,6.274669499999998,0.9424380000000011,-6.687240521428572,-1.4207260000000002,-8.0338846,-10.726280999999998,-13.23906,-13.459100600000001,-3.7791076,-12.211193392857144,0
0.29209648675271016,2.87920536682025,3.650257437328416,3.723685118414754,1.2208700145034437,0.30124356495828036,9.399244816688045,3.8727787000000005,5.227020000000001,5.224500000000001,6.064716,5.378846899999956,1.1833618000000026,-6.687240521428572,-1.5816651,-11.0018008,-13.912564,-15.068166,-13.71871,-8.7165544,-12.211193392857144,3
0.3683245924956238,1.807377245477104,2.0367904197688484,2.5181038600333565,2.0113546253801564,0.1550243916609917,0.1030717266044109,2.6507302031446534,4.2143293,3.9356237999999997,5.105467599999999,5.17055,0.4848719999999957,0.0,-1.8564066301886781,-8.135419999999998,-9.2689432,-12.18037,-13.4965546,-4.427931,-3.9074400000000007,3
0.3198396270470215,3.0632895015562402,4.597044513665758,5.0516625936552275,2.7523387112370084,0.4401718320280877,9.399244816688045,3.65585,5.364859000000002,6.323281999999995,6.842124000000001,6.798739999999995,1.30878,-6.687240521428572,-1.6465456,-10.705114,-13.398111,-14.498650500000002,-13.842137800000001,-9.375622400000001,-12.211193392857144,0
0.13673811912894326,2.0254061305648614,2.3439905915749186,2.554550208640178,2.0159956330054727,0.20764826696705763,9.399244816688045,2.094876000000009,5.585567600000008,5.85398,6.464117600000002,6.649175199999989,0.9585467999999938,-6.687240521428572,-1.3973369999999998,-11.0504856,-12.672585000000002,-13.241219599999999,-13.202223100000001,-5.7817126,-12.211193392857144,2
0.22151706983989614,2.191321054684679,3.3371761112896956,4.067745231942673,1.9198611834968047,0.1493774146797636,9.399244816688045,2.5500000000000003,5.689281199999981,4.65315,5.067360000000001,5.607845100000002,0.817548200000001,-6.687240521428572,-1.7148120000000002,-8.2687166,-12.503219999999999,-14.249571600000001,-13.9853703,-4.159620400000001,-12.211193392857144,3
0.24492868956188643,2.50981457227164,4.323445289763138,5.737173233217898,3.2967111061331815,0.48644022469101905,9.399244816688045,3.8207999999999984,7.732708799999999,10.081181399999997,11.6923068,9.875520000000002,1.4940933999999977,-6.687240521428572,-1.5255449999999995,-10.5006212,-13.5216016,-14.275217000000001,-13.5639768,-9.3963464,-12.211193392857144,0
0.3683245924956238,2.45801531507377,2.584298455246535,3.193393175253374,2.0912532385958724,0.31516970773803443,9.399244816688045,2.6507302031446534,6.1205777999999995,6.115551999999999,6.8145079,6.44206990000005,1.2836200999999998,-6.687240521428572,-1.8564066301886781,-9.2056544,-11.9367584,-13.5424287,-13.553108,-8.894975200000001,-12.211193392857144,0
0.24582072862276397,2.798307796983021,3.3877534763264787,3.4928721266050573,1.7008989511646333,0.11078332536831835,9.399244816688045,1.9637807999999948,3.9950159999999997,4.342473600000009,5.753517499999995,5.9559500000000005,0.5338085999999985,-6.687240521428572,-1.993218,-12.573722000000002,-15.613904600000003,-16.330434000000007,-14.50296,-3.5473169999999996,-12.211193392857144,3
0.3683245924956238,1.2452051814801406,2.0206680116257845,2.59989630032057,1.9091116242767472,0.11491428245149231,9.399244816688045,2.6507302031446534,1.9769879999999995,3.823327699999999,5.734224800000002,6.24988,0.11589359999999878,-6.687240521428572,-1.8564066301886781,-3.8941055999999996,-9.2522375,-12.3517526,-13.474694,-1.0274303999999999,-12.211193392857144,1
0.3544749915778985,2.6930869996391227,3.924631869332322,4.294284512554669,1.182793152940437,0.16823205227648705,9.399244816688045,3.8624411999999846,5.80557,6.218384399999985,6.4608509,5.9136896,0.8918608000000046,-6.687240521428572,-1.5038221999999999,-9.967170000000001,-13.4797484,-14.3283596,-13.0014716,-4.553572,-12.211193392857144,0
0.2705600013227513,2.074991157053256,2.321366137583613,3.35670287726084,1.44614587714231,0.18954066352402343,9.399244816688045,2.8734019999999907,5.055861,4.7859300000000005,7.445571499999999,7.32072,0.5356200000000001,-6.687240521428572,-1.0493705,-9.643118,-11.28173,-14.1489397,-14.433387900000001,-6.230196,-12.211193392857144,3
2.43465462629497,2.6133369880006256,3.0237337696836817,3.6173583767897997,1.683764964404173,0.31908193200181995,9.399244816688045,5.146359900000001,5.362240000000001,6.221836800000001,7.428911499999993,6.076931599999991,2.64236,-6.687240521428572,-11.733697500000002,-13.5002295,-13.867392,-14.869000700000003,-14.073752799999998,-8.204574999999998,-12.211193392857144,0
0.3683245924956238,1.8900218053673081,2.7651418531268006,2.471660370826923,1.5778955231976124,0.37420882731124655,9.399244816688045,2.6507302031446534,2.4980317,4.674682600000001,3.7544800000000005,3.7733999999999996,1.1442619999999957,-6.687240521428572,-1.8564066301886781,-2.8160773,-11.6788172,-12.8558955,-13.557522,-11.483546,-12.211193392857144,1
0.3683245924956238,2.086641752837327,2.1390568249733075,3.080869897148565,2.1514174951096594,0.2514292768670413,9.399244816688045,2.6507302031446534,4.67046,4.620935000000001,5.86936,5.887200000000001,1.2090869999999998,-6.687240521428572,-1.8564066301886781,-11.4589335,-10.697907800000001,-13.291790399999998,-12.965281200000002,-7.830642000000001,-12.211193392857144,0
0.11057122991884626,1.791403575081225,2.739553390000446,3.014225942265525,1.051753890147697,0.20140019770918877,9.399244816688045,1.476616799999998,5.543343000000001,6.248600999999995,6.260486999999999,5.859033599999998,0.41414999999999946,-6.687240521428572,-1.6894505999999998,-9.2262465,-11.984518399999997,-13.128267,-12.3436926,-7.15723,-12.211193392857144,0
0.28256502466556555,2.0871463035145537,2.5818395575548934,3.668262881884101,2.3968056335015464,0.12052667665330266,9.399244816688045,2.0658556000000012,4.1593933999999955,5.508917700000001,8.59184699999998,8.04334599999999,0.7473676000000007,-6.687240521428572,-1.5838965999999999,-9.0479172,-12.267236400000002,-14.578058,-14.4793725,-1.5692899999999996,-12.211193392857144,0
0.056444169293970115,2.549536974497093,4.935313879859804,1.7345988210870142,0.3039351863367363,0.15077903234776288,9.399244816688045,0.10328,4.305998399999996,5.933070000000001,5.9349594,3.8266500000000008,0.040379999999999666,-6.687240521428572,-4.0564692,-14.692233599999998,-17.1343977,-17.047682400000003,-6.337268000000001,-4.751149999999999,-12.211193392857144,1
0.3683245924956238,2.1996154172585225,1.8647466905975065,2.2512313755753244,1.7150848872858309,0.32000090565506434,9.399244816688045,2.6507302031446534,2.7643353,3.3695658000000126,3.291300000000001,4.277,1.3167000000000002,-6.687240521428572,-1.8564066301886781,-9.5327208,-14.0076258,-12.3544728,-14.295555000000002,-9.186465199999999,-12.211193392857144,1
0.3990208448923384,2.673952412958141,3.4471159938463676,3.8493307723029733,2.663979374342937,0.20660091360293645,9.399244816688045,2.7459516,4.5869712,5.0320744,6.321233599999999,6.33696,1.3085253999999995,-6.687240521428572,-1.6464272,-9.8318936,-13.1445036,-13.953674799999998,-13.441044000000002,-5.3581275,-12.211193392857144,0
0.32417886347997243,2.527889719336921,3.2314814851328384,4.012736306359899,2.2817214596030544,0.20883766338214618,9.399244816688045,3.7447343999999965,4.746449599999999,4.967383200000001,6.811468599999994,6.654004300000002,1.0439884000000026,-6.687240521428572,-1.2465024000000002,-9.4186976,-12.173114200000002,-15.097446300000003,-15.2135145,-6.8766669,-12.211193392857144,0
0.19293343557431705,2.066724289730505,3.2161375939520527,4.357978937025663,1.943252126165555,0.49514464212351333,9.399244816688045,2.189438799999996,5.6887496000000075,7.252719999999999,8.849919999999997,6.988421599999999,1.680932600000001,-6.687240521428572,-1.5433001999999998,-10.284344199999998,-14.385838,-15.486543800000002,-14.8797288,-9.0048893,-12.211193392857144,3
0.39003149988799646,2.3386979648395374,2.8287703854590314,3.9961861219407027,1.8172321790881805,0.17619189195347557,9.399244816688045,4.062511999999996,6.187167600000001,4.707793999999998,6.413091899999998,6.602706899999986,0.7108982000000033,-6.687240521428572,-2.1191884,-9.5871624,-12.008581000000003,-13.6149948,-13.3237642,-5.1165186,-12.211193392857144,0
0.3683245924956238,1.9076858721316314,2.340123981484617,2.9217015604379855,1.897367827852358,0.14058155156881222,9.399244816688045,2.6507302031446534,3.8755944999999996,4.679029300000001,5.826107399999981,5.9514000000000005,0.066839,-6.687240521428572,-1.8564066301886781,-5.630205700000001,-10.091708900000002,-12.877705100000002,-13.385499999999999,-4.3155392,-12.211193392857144,0
0.18002676122014624,2.536529899210164,4.901651665270925,5.072922652192191,2.6948975604244287,0.32501764591205556,9.399244816688045,3.758211000000002,7.676642600000012,9.119275399999992,10.6560368,8.741529199999995,1.2986966999999996,-6.687240521428572,-1.3452998,-10.322187300000001,-14.6426782,-16.268635500000002,-15.211202999999998,-7.848250200000001,-12.211193392857144,0
0.45422642004428615,2.470098980759717,2.8437949934757354,2.605290391797339,1.739246197197527,0.27569272575611586,9.399244816688045,3.521700400000004,4.779364,5.90064,6.4352902000000025,6.437533199999999,1.3307338999999991,-6.687240521428572,-1.2169443000000002,-10.901169600000001,-12.261444000000001,-12.947178300000001,-12.768,-8.1206686,-12.211193392857144,0
0.24684171679697883,2.094281928562146,2.5806254213297644,3.9155816013868527,2.466800039748334,0.3388450389690105,9.399244816688045,2.5084220000000004,4.961913299999995,5.439453600000001,7.412006399999986,6.317556000000002,1.2724223999999988,-6.687240521428572,-1.1932655,-8.80632,-12.950294799999998,-15.454662300000003,-15.428686,-9.6865152,-12.211193392857144,2
0.24445822957617008,2.270210873413827,3.0714725358669606,4.065556213926761,2.8185370123080564,0.41605555767368946,9.399244816688045,2.5465968,5.091193499999996,4.427752000000005,6.3868829999999965,7.1885,1.4799640000000052,-6.687240521428572,-1.1483792,-11.015896000000001,-13.214458,-14.890016600000003,-14.4147794,-8.748695,-12.211193392857144,0
0.164118587398374,0.18144521859058077,0.591500569931475,2.119523263285744,1.5073248648306208,0.09872067271259079,9.399244816688045,1.3645592,6.284203,3.8980799999999993,4.12438319999999,5.540113000000008,0.08052,-6.687240521428572,-1.7978268000000002,-10.169643,-11.5824288,-12.1070574,-12.992292,-0.6277713999999999,-12.211193392857144,0
0.30506654091400986,1.9711665652168537,2.313320402643747,1.5276430109015084,0.6514660627057957,0.19689669476969673,9.399244816688045,2.7468612,5.62643,6.67964,6.832624200000004,5.982786800000002,0.350662,-6.687240521428572,-7.439321200000001,-13.205634,-14.633320000000001,-14.683359,-12.6118744,-6.5534374,-12.211193392857144,2
0.15520128217800505,2.298136847566185,2.2398772321720934,3.671478255210849,2.33978352991655,0.5301918203621494,5.18256,1.5647831999999995,4.958514900000001,4.95495,6.039297299999998,6.2592,0.8481661999999979,-5.18256,-1.3689200000000001,-10.3794534,-12.243553499999999,-14.045031799999999,-13.953091599999999,-10.6238306,-5.18256,2
0.25524027649898945,2.4322457363043775,2.8167217768796857,3.2031355243834243,2.1037710430501204,0.25516904780724703,9.399244816688045,1.4991099999999995,5.688277599999999,5.280678999999991,6.3744988000000005,6.36509,1.1877049999999998,-6.687240521428572,-1.3492969999999995,-10.143835600000001,-12.5625903,-14.680461600000001,-14.337622600000001,-6.963685,-12.211193392857144,3
0.3683245924956238,2.1432095911946916,3.002374820610257,3.1222383801454785,1.5534400509475976,0.09698456167290746,9.399244816688045,2.6507302031446534,3.4168660000000015,4.6067574,4.67906,4.69213,0.09344999999999933,-6.687240521428572,-1.8564066301886781,-10.142574800000002,-14.059106,-15.170015000000005,-15.188721200000002,-3.5954432,-12.211193392857144,0
0.5642033967746621,2.996090613114369,2.309484827272424,2.490346690109597,1.4325258845970457,0.20001914500249737,9.399244816688045,3.102225599999996,6.551781000000001,7.034582999999999,4.401886000000006,5.93024,0.41478000000000004,-6.687240521428572,-1.4487771999999994,-9.818719200000002,-11.524961999999999,-11.9437332,-13.242014,-8.1240922,-12.211193392857144,0
0.312502628990494,2.4542353873916274,3.6592986234157245,6.355159308142952,2.251644797308614,0.3854105203358963,9.399244816688045,4.091732999999983,6.778700000000001,8.222918499999956,9.45897550000002,8.912520000000002,1.4358620000000037,-6.687240521428572,-1.8372592,-10.566473599999998,-13.471032,-15.471523699999999,-14.477893200000002,-8.048048499999998,-12.211193392857144,0
0.760809402560455,2.475675103653234,2.6804562397605354,4.745223323296131,1.8532094675250839,0.27910193683892676,12.95898575483871,2.4044263999999993,6.0614260000000035,6.480650000000001,7.415575199999982,7.079400000000001,0.9450049999999975,-12.9045152,-0.6906208,-9.4889952,-12.1034334,-13.391764600000002,-12.887723200000002,-8.328398000000002,-12.974604800000002,0
0.1157377979952755,2.124477971145202,2.452597931359574,3.2418617122616107,1.027858111249268,0.2771264099371743,9.399244816688045,1.2835346000000003,6.060994000000003,4.601144799999999,6.032302,6.528779999999999,1.3158376000000027,-6.687240521428572,-0.9644212000000001,-10.9066962,-11.8205314,-13.499857800000001,-13.687005,-8.4899032,-12.211193392857144,0
0.46694030022424776,2.7523687648059703,3.6485097445547874,3.800654255941544,2.252250173308824,0.13427920751764816,9.399244816688045,2.9026631999999877,5.10236,5.857556000000001,6.042570299999985,5.928,0.5322207999999986,-6.687240521428572,-1.4354415999999999,-9.421282799999998,-12.817451600000002,-13.767500700000001,-13.52886,-3.7552064,-12.211193392857144,0
0.7474583691386077,2.148104153155004,2.6968344448239407,3.81458839524933,2.1214857596155796,0.22089906761460665,9.399244816688045,3.6293246000000003,4.307288399999999,5.115969199999999,6.544861200000004,6.064559200000001,1.0395300000000016,-6.687240521428572,-1.3055320000000001,-7.8772747999999995,-11.474310400000002,-13.195670499999999,-13.181826800000001,-7.589076,-12.211193392857144,0
0.1824708960616285,2.5767025159839845,3.0959720000417215,4.301241106464149,2.6011444686622696,0.2638905659818385,9.399244816688045,1.4282575000000042,6.705725399999991,6.031339999999999,7.328708100000002,6.421538,1.1152709999999983,-6.687240521428572,-1.25594,-10.8734455,-13.52296,-15.738160600000002,-14.848349700000002,-7.384767500000001,-12.211193392857144,3
0.16594584028605483,1.7927290131523497,2.2058801923856133,1.9638222059230914,2.3388363786926925,0.33364488477323023,9.399244816688045,2.6533008000000002,7.4028845999999975,6.828269299999954,7.3154400000000015,7.88121,1.173712000000022,-6.687240521428572,-1.3053648000000002,-10.399146800000002,-12.3619023,-12.286642500000001,-12.8490578,-8.475468,-12.211193392857144,0
0.24043431096517273,2.0065145124474797,2.5703729380136404,3.3608625298539776,2.728331686774399,0.27518620226519713,9.399244816688045,1.7355649999999998,4.582540099999999,5.161659399999991,6.0425808000000005,6.057703999999997,1.124310600000001,-6.687240521428572,-1.8656449999999998,-8.9005081,-11.8686906,-14.5214656,-14.761240000000003,-6.8603856,-12.211193392857144,0
0.3476438972477064,1.8457621786200813,2.2558042831120875,2.563952800992218,1.62537369222608,0.6027016017705202,9.399244816688045,1.3095881999999999,3.5135100000000006,4.72108,5.871132,5.913922799999997,1.7788951999999993,-6.687240521428572,-0.8590407000000002,-7.15208,-8.9287904,-10.159359600000002,-11.130686400000002,-8.5672942,-12.211193392857144,0
0.3377651075364697,2.4472488483900254,2.5913040580055675,1.9317937156200715,1.1147834831938779,0.2972345968789006,9.399244816688045,3.2267167999999953,4.802282000000003,5.966200000000001,5.990590500000001,5.0974091999999995,1.2434100000000001,-6.687240521428572,-1.2684288000000001,-11.980558,-12.4968726,-12.246796500000002,-11.9384136,-8.0522736,-12.211193392857144,0
0.28407666388800074,2.5325169945627852,3.176785401678889,3.1044130431328996,0.922183368076313,0.16937692322013673,9.399244816688045,3.2617705999999975,6.5722296,7.086927999999994,6.979187600000002,6.107480300000011,0.3867846000000005,-6.687240521428572,-1.3386246,-8.27832,-11.70964,-12.480300000000002,-11.0528826,-3.8796566,-12.211193392857144,3
0.299668320711417,2.4352983633909324,2.7895556536973993,3.176243411989497,1.6965838382469167,0.17410031934100095,9.399244816688045,3.230800799999999,6.675119999999991,6.85574360000002,7.665648799999991,6.42871060000001,0.6569332000000003,-6.687240521428572,-1.4107764,-9.860657600000001,-12.446855600000001,-13.382424,-13.4336476,-5.323038,-12.211193392857144,0
0.2030565803134182,1.8555326108609127,2.139226365326946,2.4340641238664973,2.1472737634971377,0.21329910166956068,9.399244816688045,1.966910400000012,3.759629599999998,4.020815999999997,4.713617199999999,5.9438,0.9830871999999983,-6.687240521428572,-1.2978900000000002,-8.9393956,-9.2310376,-9.386974200000001,-9.8410604,-5.8123692,-12.211193392857144,0
0.37441571398689394,2.467098027154293,3.3313190565385957,3.746403897954772,2.418927090457634,0.5860697054576567,9.399244816688045,2.2522898999999974,4.929268200000007,5.406244799999998,6.6878449999999985,6.6589296000000004,2.206323000000013,-6.687240521428572,-5.9893318,-11.7595194,-14.938617600000002,-16.581903,-15.420504800000002,-10.151017000000001,-12.211193392857144,2
0.34159907144842916,2.563000871077539,2.509972335740495,2.1512829023555398,1.5873755133703942,0.22432714408747909,9.399244816688045,4.9888839999999846,7.495990000000001,6.436022299999999,6.018190799999972,5.99522,0.30395409999999423,-6.687240521428572,-1.0768782,-10.3516675,-12.9599353,-13.3139264,-13.418808,-8.311462500000001,-12.211193392857144,0
0.5237244409199048,2.0427283034815558,2.2792732987180186,2.8579386851858035,1.9041162795898408,0.18277460624314593,9.399244816688045,2.3243248,4.554087499999998,5.612416100000001,5.837820000000001,5.845610999999997,0.7267984000000014,-6.687240521428572,-0.5839112000000001,-8.6613082,-8.7668953,-12.0134784,-13.040590600000002,-6.532094400000001,-12.211193392857144,3
0.882348016287325,2.4619521221691336,2.9813107306820923,3.2164411412209755,1.886841822678277,0.10625017179458189,9.399244816688045,2.4737639999999996,5.048041499999993,5.362051199999986,6.00905659999999,5.739033600000027,0.14774209999999943,-6.687240521428572,-1.4661568,-9.158049,-12.7685376,-13.848581,-13.5694842,-0.9994047999999999,-12.211193392857144,0
0.1508987095879776,1.6081764563728838,2.00057345195636,1.6679838808522338,2.1690870357647496,0.5331023361224364,9.399244816688045,0.24567,4.408272000000001,5.781260099999996,6.693292799999999,6.64088,1.7919764999999999,-6.687240521428572,-1.1989616,-8.6649312,-11.868747599999999,-11.243430400000001,-12.114412000000002,-8.6945955,-12.211193392857144,2
0.3683245924956238,2.3191866672260923,2.305936874852211,1.3003094481906146,0.8305557155109016,0.11771078079427993,9.399244816688045,2.6507302031446534,5.2179123978723405,2.5688799999999996,4.980898000000001,4.1709834000000034,0.055151999999999986,-6.687240521428572,-1.8564066301886781,-9.717992351063824,-8.5029344,-9.319006500000002,-9.5840845,-3.1625799999999997,-12.211193392857144,1
0.24742762448421343,2.852255907127618,4.9740699031002915,5.339403619026825,1.2358091930559298,0.5574823936174566,9.399244816688045,3.7572458000000006,7.95036,9.25604,9.2601677,7.9305439999999985,1.3332464,-6.687240521428572,-1.4669465999999993,-10.479949200000002,-13.6886904,-14.497880400000001,-13.457114,-10.499784400000001,-12.211193392857144,0
0.3683245924956238,2.3191866672260923,1.6631239406083254,1.0348256484189968,1.0207613445459953,0.16664709780102535,9.399244816688045,2.6507302031446534,5.2179123978723405,3.6401300000000005,3.8279289,3.8441100000000006,0.041012400000000115,-6.687240521428572,-1.8564066301886781,-9.717992351063824,-17.107252000000003,-10.3081236,-10.4619391,-7.522379600000001,-12.211193392857144,1
0.3683245924956238,1.2831568904661017,1.805730613817161,1.5321418753082376,1.3908362356034585,0.43118851232604344,9.399244816688045,2.6507302031446534,3.4383767999999986,5.945715,5.926466799999999,6.0129,1.5742415000000025,-6.687240521428572,-1.8564066301886781,-6.6781824,-9.2094,-10.089386999999999,-12.251361300000001,-10.357317100000001,-12.211193392857144,0
0.22069167934349274,2.647759068281431,3.269692164772646,2.879514987027131,1.7174899076065722,0.21801531291322063,9.399244816688045,2.5320780000000025,6.365159999999997,6.039731799999999,7.217256000000013,7.667462999999998,0.42092179999999746,-6.687240521428572,-1.2436783999999999,-11.3694504,-14.531627300000002,-15.356544000000001,-15.361306800000001,-7.7809840999999995,-12.211193392857144,0
0.1567561152109041,1.8047979513672983,2.917807009979911,4.072449573434987,1.864504458378481,0.32023382374450476,9.399244816688045,2.3046568000000014,4.752299199999997,4.38096119999998,5.580209,6.05421,1.2988299999999993,-6.687240521428572,-0.8706588,-7.993606000000001,-11.0940612,-13.375548,-13.024000000000001,-8.098368999999998,-12.211193392857144,3
0.3683245924956238,2.3191866672260923,1.8209207076082994,1.414219066483696,1.0721716515801458,0.1983994434483044,9.399244816688045,2.6507302031446534,5.2179123978723405,5.194299600000005,6.263960000000007,3.7929600000000003,1.3428050999999996,-6.687240521428572,-1.8564066301886781,-9.717992351063824,-17.264241000000002,-9.300870000000002,-10.4176386,-6.8535466000000005,-12.211193392857144,1
0.11842948642853407,1.7800040733003737,2.067075841127468,2.5864773011995146,2.3588496381706294,0.596907377185598,9.399244816688045,0.8304683999999826,5.3482428,4.663175400000001,5.286936100000005,5.943193599999998,3.8572800000000003,-6.687240521428572,-1.3104939999999998,-10.668805200000001,-11.233036199999999,-13.6054425,-14.4970092,-10.177502700000003,-12.211193392857144,3
0.45976811818943836,2.3384382081537107,2.5815027354673505,3.586080930737245,2.1537427094625405,0.2581034718496754,9.399244816688045,3.973714799999995,9.0280998,8.195217600000012,11.1263144,8.13122239999998,1.3197194999999997,-6.687240521428572,-1.163915,-11.1995482,-13.177744,-15.420499200000004,-15.475521600000002,-8.189474999999998,-12.211193392857144,0
0.2483268806115774,2.540923306471371,3.718608108703118,4.182217649761954,2.4148594741189338,0.42348187339880233,9.399244816688045,2.756891199999997,5.001126500000001,5.1830099999999995,7.368632400000002,6.9324,1.8570442,-6.687240521428572,-1.2945536,-11.4278365,-14.262192400000002,-14.498856000000002,-13.7318907,-8.084551799999998,-12.211193392857144,3
0.20565800310607232,2.0790014409520072,2.3508812805159582,2.2774722504548635,1.7169143635247393,0.13477318076830422,9.399244816688045,1.3468,5.959077300000001,5.961600000000001,5.974150000000001,5.98325,0.682481999999998,-6.687240521428572,-1.7331501000000002,-9.92052,-12.269780599999999,-13.283933600000001,-12.722392400000002,-3.6552585,-12.211193392857144,3
0.2387475167365073,2.302577748638868,2.652402908229897,3.9897241262919474,2.642411020945022,0.36513763304068153,9.399244816688045,3.0337274000000067,5.546891100000009,4.7390615999999985,6.0082528,6.00955,1.1976840000000022,-6.687240521428572,-1.9370303999999998,-10.693453100000001,-13.540812599999999,-15.4032736,-15.1614866,-8.906200499999999,-12.211193392857144,3
0.3683245924956238,2.459334067756691,3.0336452134636955,3.415817948874718,1.793226646693624,0.5357171139246162,9.399244816688045,2.6507302031446534,5.547453,4.7758409999999945,5.39915,5.935943999999999,1.6982459999999968,-6.687240521428572,-1.8564066301886781,-9.520038,-13.334288,-15.8107744,-14.578816000000002,-9.84014,-12.211193392857144,2
0.31686339721958884,3.142202286467875,3.838463321501578,4.6685760302252115,1.6113325510307361,0.24503430507073878,9.399244816688045,3.815427600000001,6.2640448,6.932225999999979,8.257705399999997,7.264913400000011,0.6244814999999908,-6.687240521428572,-1.5999264,-11.675434399999999,-13.946821499999997,-14.792127399999998,-14.365854100000002,-8.6097419,-12.211193392857144,0
0.23703073103667077,2.741429309433689,3.1906405189057963,3.3839327461903177,2.418676440986807,0.4154631392038017,9.399244816688045,3.013972500000004,6.4030928000000005,4.752468599999998,5.9498838,6.075146899999969,1.3010221999999996,-6.687240521428572,-1.2555739999999995,-9.885886000000001,-13.3798389,-14.250387200000002,-14.006855999999999,-9.3827292,-12.211193392857144,3
6.288174528073246,1.4642094136487382,2.586971610923423,1.4306529961880188,1.0114647035486128,0.07212652063401742,9.399244816688045,-1.465130400000002,4.342,6.073755099999995,4.601983799999999,4.686,0.2929584000000002,-6.687240521428572,-10.117408800000003,-8.6781786,-11.889166900000001,-9.831293,-10.946827,-3.2841882,-12.211193392857144,1
0.3683245924956238,1.5521433146999202,2.232708922588034,2.3444648543103868,1.5200624056841494,0.20591064244891505,9.399244816688045,2.6507302031446534,2.5423944,6.052228799999999,5.588917600000007,5.154800000000001,0.17029730000000023,-6.687240521428572,-1.8564066301886781,-4.4774686,-10.0149948,-12.1653067,-14.023007499999999,-6.707674799999999,-12.211193392857144,1
0.3229620709120818,2.9981334041841787,4.099279840633214,4.720766293530032,1.8260710545233416,0.27141389085558487,9.399244816688045,4.039965300000001,6.355252000000001,6.5489779,7.735388499999994,7.486335999999995,1.3912495999999999,-6.687240521428572,-1.4019565999999999,-11.3361856,-14.154193100000002,-15.669299500000001,-14.602415999999998,-6.796003500000001,-12.211193392857144,0
0.35187487804591033,2.6633476752090215,4.21154636511839,4.6099929135457565,3.1013766675551167,0.45253057630081844,9.399244816688045,3.7785075,4.96396,4.5256951,5.962867400000001,5.528917800000006,1.4055176999999905,-6.687240521428572,-1.2769664999999994,-8.678529600000001,-12.542795000000002,-14.0345132,-13.5787134,-9.149241400000001,-12.211193392857144,0
0.22026029356841967,2.199592586002562,2.1881934337604063,2.0584411521124752,2.287796536239922,0.309072264914345,9.399244816688045,1.1415479999999996,3.8964095000000003,5.5613899999999905,5.958942799999997,6.04296,1.1737120000000025,-6.687240521428572,-1.3539456,-8.712240999999999,-11.486784999999998,-12.893712,-13.7699802,-7.648191999999999,-12.211193392857144,2
0.28975268631537165,1.9618730683278505,2.267193257664512,2.053218691847184,1.1587024863780784,0.1987206951035006,9.399244816688045,2.0627668000000012,3.4070202000000016,3.8302400000000003,4.6851818,4.590125399999998,0.6670656000000232,-6.687240521428572,-1.1058466,-9.439223100000001,-15.121739999999999,-12.1322072,-12.388752900000002,-6.980810399999999,-12.211193392857144,1
0.40318474367153123,2.931207250817675,3.931210180145249,4.885248344471203,2.0445420061032356,0.35124118515309877,9.399244816688045,4.1425425,6.566053200000008,6.45789,8.919756000000003,7.987205999999979,1.3614549999999999,-6.687240521428572,-1.523185,-10.2321584,-14.224300000000001,-16.024912000000004,-14.960976,-9.6513475,-12.211193392857144,3
0.3683245924956238,2.1228441418877857,2.730778902081998,3.9053304688183084,2.2097195371281257,0.14840051002027485,9.399244816688045,2.6507302031446534,3.8003114000000005,5.3625055,5.386028399999999,5.880284999999998,0.08032320000000003,-6.687240521428572,-1.8564066301886781,-6.7969096,-10.666578000000001,-13.793712399999999,-14.434593000000001,-5.0960567999999995,-12.211193392857144,0
0.45810209145427283,2.612383003585016,3.3611831255459457,1.7510722999413375,1.197185235844588,0.2719593837625786,9.399244816688045,1.5180974999999997,6.2291856,6.455635200000001,7.182749100000007,6.123802699999984,1.0776135999999874,-6.687240521428572,-8.6218643,-11.0858208,-12.411679600000003,-13.214507999999999,-12.2396886,-7.9582962,-12.211193392857144,0
0.23800445199285925,2.666576255854411,3.4736134229667104,5.378861462136258,2.2124307213471957,0.33993931040370723,9.399244816688045,4.039879600000002,6.316213499999999,6.35354,7.716551000000002,7.428263400000011,1.3405977000000004,-6.687240521428572,-1.4769831999999992,-11.756191500000002,-15.049000800000002,-16.9084322,-15.362886400000002,-8.257041000000001,-12.211193392857144,3
0.3683245924956238,1.5090636041115497,2.6355494638079398,1.3088105311117006,0.8800171149746587,0.1422384300934842,9.399244816688045,2.6507302031446534,3.7828882,3.9051864000000003,3.7832794999999995,3.7801199999999997,0.09433269999999971,-6.687240521428572,-1.8564066301886781,-3.912052,-11.313666999999999,-9.429832499999998,-8.988388,-4.8034216999999995,-12.211193392857144,1
0.15094235833084352,2.2437421588907833,2.5934880901199633,2.640884281677421,1.2293483553115871,0.3224992565008677,12.714780286624205,1.310562000000008,2.9091999999999993,4.1632,4.18895,3.8999,1.334,-12.5968008,-1.3171279999999999,-11.192795,-12.3498916,-13.263936,-13.3917752,-8.6150256,-13.093190400000001,1
0.19958579678027208,1.8730131735279263,2.7328545414506378,3.6221261286464395,3.135402556930094,0.41632179536735275,9.399244816688045,2.9837984000000013,5.230056500000004,7.033648399999996,8.9558857,8.562399900000045,1.2907401999999992,-6.687240521428572,-1.2844596,-9.3352871,-12.804569600000002,-14.542973000000002,-14.209377,-8.8019952,-12.211193392857144,3
0.26847361396303904,2.3544184700489095,3.611029589755364,3.3513890724360196,1.8241691706599885,0.11637037418846072,9.399244816688045,2.7010740000000437,6.267788799999998,6.906790800000005,8.018279999999999,7.676248400000002,0.09414999999999933,-6.687240521428572,-1.505991,-10.449819600000001,-13.843656800000002,-14.035545,-13.172888799999999,-3.093287999999999,-12.211193392857144,0
0.1632912129661802,1.9469395418420108,2.4717307488600815,3.2290729245774217,1.0643618795120067,0.2005469977921908,9.399244816688045,2.69869,6.797460400000002,7.106935199999994,8.1918176,6.272603400000003,1.0635704000000026,-6.687240521428572,-1.280615,-9.7631592,-11.166236,-12.5466888,-11.594887599999998,-5.4877248000000005,-12.211193392857144,0
0.3683245924956238,2.6023177124052435,2.220350800911451,2.8799331486697715,2.0227841253771395,0.10982508522092731,9.399244816688045,2.6507302031446534,4.122318900000001,3.8480000000000008,5.9003428,5.9212,0.3075008,-6.687240521428572,-1.8564066301886781,-9.3001579,-10.832164000000002,-13.0421732,-14.104097499999998,-3.8094872000000004,-12.211193392857144,0
0.1850790546039364,2.8208957472852925,4.710695541723456,5.03384815412239,1.9876174427918345,0.2526523185223711,9.399244816688045,3.2251463999999643,5.968371999999999,5.995108000000002,6.008960000000001,5.905385999999995,1.0905334,-6.687240521428572,-1.0755213000000001,-11.792168000000002,-14.950378000000002,-15.523040000000002,-14.296190400000002,-7.5923651,-12.211193392857144,0
0.24417385367758535,2.39051502011583,3.248706255306557,4.327228319783536,2.4961627404952806,0.3968128776096952,6.20209,2.877873200000001,5.230523400000001,6.50412,8.276496000000003,7.576530500000001,1.4860760000000013,-6.20209,-1.5483739999999995,-11.0335026,-14.16078,-16.25826,-14.872162000000003,-8.4717568,-6.20209,3
0.2303314347249518,2.4103977301598367,3.5533641556096303,4.052986638348847,2.5223898517784455,0.2753507148912083,9.399244816688045,2.987447999999999,5.625273999999998,5.880392000000001,6.5858954,6.932124999999999,1.3431869999999952,-6.687240521428572,-1.7402279999999997,-10.7305124,-14.7101799,-16.392091,-15.096459399999999,-6.590364800000001,-12.211193392857144,3
0.2507664187999459,3.039796418416084,2.1916897444121215,1.570831713506981,1.4235765407003518,0.3709491367675087,9.399244816688045,0.04572479999999995,5.898190800000001,5.8971304,5.7042342999999995,5.877000000000001,1.3624895999999946,-6.687240521428572,-1.2368664000000003,-6.6225995,-13.3521228,-9.894819300000002,-12.465162899999997,-9.0101208,-12.211193392857144,2
0.3683245924956238,2.38031882240743,2.0655761406116557,1.5580698155351789,1.603243651941788,0.11131533465600948,9.399244816688045,2.6507302031446534,5.2527013,4.0488468,4.0369055,5.969600000000001,0.08274000000000001,-6.687240521428572,-1.8564066301886781,-5.9793828,-9.876218,-12.692011200000001,-12.842043,-0.33870820000000035,-12.211193392857144,2
0.37439858850454366,2.5540242308408776,3.305110897516183,3.547488472587175,2.302837533737443,0.5242262062143027,9.399244816688045,3.6705480000000157,6.388754399999992,6.7353275000000075,8.080751,7.139126399999997,1.7250349999999999,-6.687240521428572,-1.8881,-10.324227200000001,-12.956857499999998,-14.270997000000001,-14.255254400000002,-10.633907999999998,-12.211193392857144,0
0.2840202016111712,2.684516430159379,4.388471390572267,5.505656101588188,2.293661668666504,0.9887465806700068,6.244955,3.6076320000000006,6.245680800000001,7.007227200000001,9.633585000000002,8.6705493,2.32755,-3.3206398999999993,-1.4392752000000002,-10.2850992,-13.3299762,-14.3940222,-13.675049,-11.700441,-9.1692701,0
0.2798994553856088,2.374162180820626,3.0046564450713027,3.2767670674619382,2.2372392071056244,0.22378339352347087,9.399244816688045,2.4017695999999975,4.646058800000003,5.748291599999997,6.991371200000001,6.247319999999999,1.0798746999999973,-6.687240521428572,-1.4854496000000001,-11.092851600000001,-13.2322233,-13.8919952,-13.60254,-7.247151,-12.211193392857144,0
0.21202842434433122,2.4344248015481926,3.5078087348964817,3.391319608394006,1.1565262659058408,1.026234543605351,7.579722155737042,3.217718699999999,6.124883599999998,5.0955,5.871129599999998,6.265337699999998,1.0531949999999994,4.312850999999998,-1.4648096,-8.871918200000001,-13.139614200000002,-14.3308264,-13.0043784,-12.7890975,-16.1543018,3
0.3683245924956238,2.3191866672260923,1.3316689544114033,0.9233704433378217,1.0955079072740193,0.38698835974945683,16.52135874061718,2.6507302031446534,5.2179123978723405,4.57453,4.5794999999999995,5.582422299999993,0.9172379999999908,-12.825144000000002,-1.8564066301886781,-9.717992351063824,-17.185,-6.0890686,-10.227499400000001,-11.130569000000001,-17.9174817,1
0.3683245924956238,2.3191866672260923,1.8790716045177291,1.0411692251305968,1.0156783843878368,0.15597757314456584,9.399244816688045,2.6507302031446534,5.2179123978723405,3.5272647999999966,4.068623,4.913481200000035,0.5810943999999963,-6.687240521428572,-1.8564066301886781,-9.717992351063824,-17.2813988,-9.831846,-9.9896329,-6.514228,-12.211193392857144,1
0.6456383218458435,2.246155707455709,2.482504184086846,2.750555930415066,1.1340531723949616,0.1617834763289957,9.399244816688045,4.356629200000002,3.89337,5.2978266000000085,6.1197616000000075,5.95242,0.5236256999999993,-6.687240521428572,-1.1245247999999997,-9.594657499999999,-12.6761958,-15.560822600000003,-14.8948096,-4.600198000000001,-12.211193392857144,3
0.31459931928057744,2.162722052774738,2.6748027442527533,3.592748760129502,1.298582655380855,0.22504306013444084,9.399244816688045,3.6694675000000214,5.868982400000001,5.8472050000000015,6.559280400000001,5.8725000000000005,1.1536348000000005,-6.687240521428572,-1.3850066,-10.473295600000002,-12.018421499999999,-13.0961927,-12.1661381,-6.0197808,-12.211193392857144,0
0.2586729824829768,2.5080422938719744,4.233615467916417,4.69500975790589,2.5579631126102735,0.13991708868311664,9.399244816688045,3.9276999999999997,5.643727199999985,6.522900000000001,7.125974000000005,6.6141024,0.6387125999999951,-6.687240521428572,-1.3775400000000002,-9.7651848,-13.7251419,-15.486400500000002,-14.924594400000002,-3.2838599999999993,-12.211193392857144,2
0.17706404722949387,2.311851220340853,2.7326466329598516,3.31095527755385,2.3968901302573205,0.45380670093490577,9.399244816688045,1.3577424000000002,6.2513219999999965,5.964074099999996,6.497704800000001,6.61293819999999,1.5395165000000015,-6.687240521428572,-1.2523056000000001,-11.128297600000002,-12.9376736,-14.058420000000002,-14.880016000000001,-9.6217143,-12.211193392857144,0
0.28368283290674545,2.529142637887718,4.482833620455874,4.249677033968351,2.1748951544615074,0.21985330922904991,9.399244816688045,3.7873200000000096,5.9764608,6.315015,6.34863,6.0906617999999995,1.21394,-6.687240521428572,-1.4098650000000001,-10.020352,-13.7469125,-13.994008599999999,-12.842284000000001,-5.09732,-12.211193392857144,0
0.8457474599434495,1.8913565170999649,1.5423501507597488,2.163043681153973,2.074878100898472,0.2865486989887439,9.399244816688045,2.46144,5.0217516,5.514655499999996,7.176,7.156918600000001,1.23876,-6.687240521428572,-1.1860572,-9.970072400000001,-9.781465,-12.850684200000002,-14.2040367,-9.318247399999999,-12.211193392857144,0
0.3111163655303238,2.5889908700868687,3.68095876904533,4.399070280476326,2.24273849331388,0.37658817885278145,9.399244816688045,3.0385679999999935,6.054230700000001,4.7996729999999985,5.9909608000000025,6.0536,1.3091170000000012,-6.687240521428572,-1.24461,-9.698167199999999,-13.1154528,-15.2075943,-14.6418025,-7.8078210000000015,-12.211193392857144,3
0.34042836934156384,2.695751638556511,3.301437714023595,4.240194628049916,1.6827723602449747,0.1318184494030903,9.399244816688045,3.421257599999984,4.727041999999998,5.1758855,6.734439999999999,6.19368359999992,0.47236349999999994,-6.687240521428572,-1.2567115999999996,-11.679660799999999,-12.863551000000001,-14.514830000000003,-13.8633129,-4.3291428,-12.211193392857144,0
0.2815714119809046,2.679317473040245,3.564161685284815,3.679243266030296,2.110300282370838,0.1696244063032706,9.399244816688045,3.892182799999999,6.343172700000005,7.48909,9.105850800000026,7.43857880000001,0.4255454999999996,-6.687240521428572,-1.473685,-11.146919099999998,-12.965955,-13.5438752,-13.2807843,-6.7972074,-12.211193392857144,0
0.14855649789915965,2.336406415340685,2.7082168132361133,3.1985589714941693,1.8281042366650855,0.2270590233109043,9.399244816688045,0.01306,5.9642333999999915,6.164419200000001,6.54068,6.3666,0.8554910000000064,-6.687240521428572,-1.747225,-10.6911266,-11.549389499999998,-13.32016,-13.074711000000002,-7.873146,-12.211193392857144,0
0.5327141980036141,2.7497380096316206,3.9335951281720365,4.842852031553028,1.8978556953833827,0.1687761650920428,9.399244816688045,3.843,4.813109199999999,5.206244,7.380914799999998,7.272278999999999,0.6161364000000006,-6.687240521428572,-1.1473392000000002,-9.0480648,-13.271004000000001,-14.6630592,-13.658669999999999,-4.054308,-12.211193392857144,0
0.29327270694615704,2.4993914923471188,3.7603660962379606,4.382630136258643,1.1306235425491693,0.11268382428135554,9.399244816688045,2.848406399999999,4.8586512,5.31423,7.431243599999997,6.03449,0.24091199999999993,-6.687240521428572,-1.426952,-10.281436799999998,-13.1742264,-14.0694884,-12.1885072,-3.254044999999999,-12.211193392857144,0
0.21668509162303665,1.8769002345195274,2.095367327066194,2.643421263946533,2.1542128090798887,0.3609568952336396,9.399244816688045,1.3770059999999962,3.9666416,4.326533999999999,4.581288099999996,5.179554000000002,1.5816824000000007,-6.687240521428572,-1.1521296,-9.761542200000001,-9.392724000000001,-13.291146899999998,-14.687487000000003,-8.4505535,-12.211193392857144,2
0.198059271707323,2.4200217706481295,2.9918154823121386,3.701375526999581,2.6650843835169233,0.14750299036093412,9.399244816688045,1.359267,6.1954725,6.089606099999999,6.744018799999998,6.55,0.9889788999999973,-6.687240521428572,-1.4558118,-9.7577658,-13.049527099999999,-14.570227800000001,-14.535324300000001,-4.642951200000001,-12.211193392857144,0
0.26144267384206066,2.4356706345358687,3.2385079199656075,3.222001384711907,2.0715076661458185,0.3731932880531289,9.399244816688045,2.0332542000000005,6.195605999999998,6.315260299999999,5.052594299999999,5.1466240000000045,1.4023876999999971,-6.687240521428572,-1.0777794999999994,-9.55986,-13.408896899999998,-15.834255500000005,-14.856382000000002,-8.160592199999998,-12.211193392857144,3
0.3683245924956238,2.3191866672260923,2.0862728855506325,0.8825514431829644,0.7798290617699075,0.24779165908035264,9.399244816688045,2.6507302031446534,5.2179123978723405,4.475296799999999,3.6509804999999997,3.692077199999995,0.26222639999999797,-6.687240521428572,-1.8564066301886781,-9.717992351063824,-6.3789648,-6.642676499999999,-7.060646600000001,-6.748196399999999,-12.211193392857144,1
0.3683245924956238,2.0942492550026253,1.9425570253820983,1.8800388284647265,1.0119640670931698,0.1474581520664409,9.399244816688045,2.6507302031446534,3.607979699999999,4.014469599999988,4.159261200000001,5.455865300000002,0.5012769999999946,-6.687240521428572,-1.8564066301886781,-5.105038500000001,-9.4801796,-12.2197716,-12.801653700000001,-5.4470548,-12.211193392857144,2
0.177037774669519,2.4222866936475618,3.1048601139243135,3.7743975209189267,1.7244819131758948,0.19705817190831576,9.399244816688045,1.5934,4.669953199999999,5.0944199999999995,6.25636,6.25702,0.634651000000002,-6.687240521428572,-1.1004,-9.7441096,-13.012522,-14.1500287,-13.602634499999999,-5.2673214999999995,-12.211193392857144,0
0.3481791088804671,2.746190160408773,2.924066334657787,2.681785730044929,1.633067026222983,0.1633416378199543,9.399244816688045,2.9425401999999994,5.956821,6.0840011999999986,6.0976395,5.9428600000000005,0.3255408000000017,-6.687240521428572,-1.2180019999999996,-15.673950000000001,-15.9619136,-14.232191399999998,-13.4672788,-4.7580128,-12.211193392857144,2
0.11136101006279181,1.4178859741630172,1.823510196412358,1.8189297291289364,1.5500848973376071,0.309522666704261,9.399244816688045,1.0362699999999996,4.7241485,5.007555400000004,5.408,5.228000000000001,1.407467999999999,-6.687240521428572,-1.26126,-9.8427932,-11.876755900000001,-11.660556600000001,-12.767300000000002,-7.754778,-12.211193392857144,2
0.7011658134938461,2.297518706827784,2.5919401736240166,1.877360232762116,1.6970186674080494,0.21264366596369078,9.399244816688045,3.858218,3.85882,5.666960400000009,5.1352,5.862362400000042,1.2167722000000043,-6.687240521428572,-1.207216,-9.403884,-11.6557375,-11.7629266,-12.74418,-7.375326400000001,-12.211193392857144,0
0.3683245924956238,2.3191866672260923,1.2455818180601834,1.3633584345257566,0.7636201035123311,0.148638178347,9.399244816688045,2.6507302031446534,5.2179123978723405,5.988516000000001,6.02826,5.951529600000001,0.08029320000000002,-6.687240521428572,-1.8564066301886781,-9.717992351063824,-11.888149999999998,-10.091556,-11.6039888,-6.221457000000001,-12.211193392857144,1
1.1416045511482256,3.357041078475798,2.4596318370822856,2.2273766585185273,1.3885505824574769,0.312856165383834,9.399244816688045,1.1824222,3.8164499999999997,3.8108548,4.706519999999999,5.835575599999987,1.349535599999995,-6.687240521428572,-2.3935194,-11.609624000000002,-9.956939900000002,-11.720699700000003,-12.658100000000001,-9.081595799999999,-12.211193392857144,0
0.21352516997114837,2.20201132091818,2.39474304340829,2.0689553522764585,1.59790795345254,0.10715851162985272,9.399244816688045,2.477265599999996,6.780283999999999,6.808489800000026,7.50979619999999,7.11735079999999,0.3389412000000014,-6.687240521428572,-1.7023742000000002,-8.2491855,-11.0358166,-11.084510400000001,-11.470776,-0.29690489999999936,-12.211193392857144,0
0.3683245924956238,2.2569491711748175,2.2829909925093252,3.141356738247448,1.9528610445463455,0.1544599481963773,9.399244816688045,2.6507302031446534,5.9386410000000005,5.016635999999996,7.464834000000001,6.475910000000002,0.5232161999999999,-6.687240521428572,-1.8564066301886781,-8.931791,-12.487480999999999,-14.093960000000001,-13.966288,-4.6940712,-12.211193392857144,0
0.6440237393263757,1.8115819075527468,2.6444593780032344,2.2462426269918145,1.0422862739068968,0.243444874831793,9.399244816688045,0.6423354000000038,4.518688000000001,4.569205,4.556158199999999,4.696415999999998,0.250566099999999,-6.687240521428572,-16.7808034,-17.066688,-12.674016000000002,-13.3231246,-12.7911692,-8.3650084,-12.211193392857144,2
0.22373742860474757,2.3384573235441164,2.8939647227190677,2.9476641399872054,1.6571189086385925,0.30903966379743986,9.399244816688045,3.038513200000004,5.6531520000000075,4.833432,4.5270384000000075,5.896350000000004,1.1531912000000006,-6.687240521428572,-1.1928858,-9.250528000000001,-12.2161332,-14.661243600000002,-14.959674,-9.026917000000001,-12.211193392857144,3
0.18636519173534802,1.4485032153744961,1.9642552124838313,1.121660778329714,1.408972646692402,0.13143513126072812,9.399244816688045,1.6309181999999836,3.8777328,5.507132199999996,5.095433800000001,5.399934799999989,0.14906999999999782,-6.687240521428572,-1.6375498,-9.034602600000001,-14.1370872,-9.5577738,-12.5555796,-4.557639600000001,-12.211193392857144,1
0.17671649004535278,2.1355013283057787,2.8285783973692076,3.6888355370055947,0.9635124234210909,0.19691440536308863,9.399244816688045,1.8027567000000053,5.876157500000001,6.045042799999998,7.158396900000001,5.681000000000001,0.933156000000008,-6.687240521428572,-1.3706992,-9.4207725,-12.301704699999998,-14.2507184,-13.033460000000002,-4.838921999999999,-12.211193392857144,3
0.10886731446055059,1.6931686624702358,1.940653772743134,2.1811572475430454,2.373804682864965,0.8291395367138223,9.399244816688045,1.760787499999989,5.724869699999983,5.262269999999982,5.5943184,5.383176200000002,2.644583200000004,-6.687240521428572,-1.2739121999999994,-10.039342600000001,-11.3151787,-11.598994,-12.6330372,-9.934968600000001,-12.211193392857144,0
0.7723771644021739,2.641807149298142,3.6443791914850436,4.787927018559199,2.2687640022277975,0.24889499328810527,9.399244816688045,1.7339321999999993,4.7086984,4.807456799999999,6.0455130000000015,6.035850000000001,1.0791019999999993,-6.687240521428572,-1.7658922000000001,-9.4011212,-13.5567066,-15.8945085,-15.026800600000001,-6.9693928,-12.211193392857144,0
0.36545868730300274,2.835070750368248,4.043918821524523,3.671197199988522,2.017574731662841,0.2735661202907805,13.5564,3.9008624999999997,3.9572585,3.9657600000000004,5.1157512,5.961290799999994,0.8326135999999987,-13.5564,-1.3469054999999999,-9.223544500000001,-13.621784400000001,-14.62776,-13.8379042,-7.932599400000001,-13.5564,0
0.2162666524686632,2.577679209109148,4.161730666077896,4.968649659335454,2.9428221827777805,0.3043294762033884,9.399244816688045,4.188559999999999,4.982628400000001,6.778957499999998,8.000835,7.051575300000003,1.2692759999999998,-6.687240521428572,-1.2858986,-9.7058024,-13.501864000000001,-14.44542,-14.246437799999999,-8.075750399999999,-12.211193392857144,0
0.19007566283674657,2.411869024728327,2.7608496194541727,3.041892690575323,2.030149403294935,0.16441239339688923,9.399244816688045,2.5582184000000017,5.766656800000001,4.6728,4.696630999999999,5.524094900000016,0.7357504000000014,-6.687240521428572,-1.3535436,-12.156639199999999,-13.616625,-14.442613199999998,-14.80164,-4.6172952,-12.211193392857144,3
0.11174277163110201,2.5282851857275,2.5516364443260566,2.9963981230641856,1.7859910684144473,0.19674932216488544,7.879616521048451,0.7940880000000117,5.5286550000000005,5.5205421,5.548391999999997,5.1348,0.7416330000000043,-3.2589870000000003,-1.3813039999999999,-12.185334000000003,-12.831440400000004,-14.190380399999999,-14.308807000000003,-7.007853600000001,-12.6704268,0
0.16199788384924244,2.1936681414594963,3.931186783260416,5.495538996130419,3.336862202862993,0.716071098879891,9.399244816688045,2.5107600000000003,8.134293000000001,10.174595199999997,11.1379975,9.37207920000001,2.4288214999999953,-6.687240521428572,-1.5198359999999993,-10.414950000000001,-13.4505408,-14.483755,-14.008152599999999,-9.972287499999998,-12.211193392857144,0
0.2565978790641826,2.4804175341661447,3.049770216861493,4.038136038653758,2.556920173951021,0.20981432861657062,9.399244816688045,2.9110540000000036,7.0209597000000015,7.023281400000004,9.300614999999999,7.918145999999992,0.9576,-6.687240521428572,-1.9262724,-10.2541968,-12.696622600000001,-13.6021955,-13.8124152,-5.133719999999999,-12.211193392857144,0
0.8352729360814719,2.490360777798751,2.086446850507791,2.2484835786193096,0.7469714965879174,1.375778103131251,5.776448813494397,0.10400000000000001,4.813454799999997,5.552968499999991,6.7134768000000005,5.59797,3.7737224000000014,4.8231103,-11.118393600000001,-15.841106,-15.434536000000001,-15.162261600000003,-13.042217699999998,-14.628713400000002,-16.8167151,2
0.25571726831682956,2.3187805163861204,3.3776317392652677,3.9037139492669986,3.0420267572891193,0.3750739888658033,9.399244816688045,3.445624199999992,5.036202,6.066640400000001,7.143820000000001,7.5994944,1.7968500000000003,-6.687240521428572,-1.3040412000000001,-9.439059999999998,-13.020178000000001,-13.8703,-13.290059600000001,-7.812282400000001,-12.211193392857144,0
0.5605672706908945,2.8837912601219178,4.274846708226433,4.7737711995392855,2.6845885005694745,0.376500084874366,9.399244816688045,3.1568424,4.433106299999998,5.1628954999999985,6.21049,6.224679999999999,1.4035825999999942,-6.687240521428572,-1.5842602000000001,-9.16496,-13.0950638,-14.452020000000001,-13.673825999999998,-8.494435200000002,-12.211193392857144,0
0.3683245924956238,2.072054340521053,2.2769019577026666,2.2261580030914536,1.6434763944711226,0.21990249492052028,9.399244816688045,2.6507302031446534,3.7726291999999995,4.6571806,3.7411200000000004,5.499588399999999,1.041061200000001,-6.687240521428572,-1.8564066301886781,-5.2209664,-10.8406932,-11.6130128,-13.0067564,-7.991787899999999,-12.211193392857144,0
0.3683245924956238,1.0729925568986975,2.1751675772518135,2.1006005064865665,1.3708539603246244,0.08424325938436729,9.399244816688045,2.6507302031446534,2.64306,6.975036799999999,7.276248,6.31588539999998,0.06875,-6.687240521428572,-1.8564066301886781,-4.1196066,-10.4233916,-10.691704799999998,-11.7650632,0.0,-12.211193392857144,1
0.3665792593624804,2.0963941750348822,2.5390827531420217,3.4639588617407697,2.4626565551351596,0.47562682944746526,9.399244816688045,3.286956399999998,4.824368200000002,5.9326784,7.839779999999999,7.87086,1.480743000000001,-6.687240521428572,-1.5601791999999999,-9.0644871,-12.1066176,-14.530315900000003,-14.3025904,-10.522415599999999,-12.211193392857144,0
0.34840896455970255,2.658205477070378,3.0207308904182133,4.295373497972072,2.472185130844721,0.7913875944980256,9.399244816688045,4.757686800000005,5.9906704999999985,6.028526399999999,7.22055,7.1740200000000005,2.115569199999998,-6.687240521428572,-0.9867119999999999,-10.028400000000001,-13.1710774,-15.1384784,-14.4488596,-10.4114502,-12.211193392857144,3
0.3683245924956238,2.229733757052037,2.34092339965195,2.3710288147355394,1.7289735026148645,0.12003158846768329,9.399244816688045,2.6507302031446534,5.204139,4.6422536,4.6136337,5.1857605,0.34479799999999067,-6.687240521428572,-1.8564066301886781,-8.867191400000001,-10.956592,-12.559756300000002,-13.1550315,-4.636657199999999,-12.211193392857144,0
0.40290644696004735,2.703170403716976,3.390298151336046,4.153673267270017,1.646242412244542,0.20431682558959247,9.399244816688045,2.6384905000000067,4.773027199999998,5.184000000000001,6.474422800000001,6.04371,0.9930534999999988,-6.687240521428572,-1.4131746,-11.237876,-14.411819399999999,-16.415319800000002,-15.233788,-6.3381445,-12.211193392857144,3
0.20350570406284424,2.1261427463527247,2.4090484302946216,2.865064861985115,2.2345075455985555,0.15433301877208766,9.399244816688045,2.5623014000000013,5.303189999999987,6.201725400000001,6.682283800000002,6.43438319999999,0.9644400000000205,-6.687240521428572,-1.5128057999999995,-10.051042600000002,-12.3892088,-13.11713,-13.0684536,-2.1229544,-12.211193392857144,0
0.400648725635016,2.646055961413136,3.775201691866541,4.9109064978156205,2.675564823524719,0.21576167426230605,9.399244816688045,2.9390184000000046,5.313752399999958,6.471369000000012,7.210656000000001,6.1288,0.5573006999999984,-6.687240521428572,-1.6750858999999998,-9.576213300000001,-12.521566,-13.744758,-13.261075599999998,-7.1972829,-12.211193392857144,0
