0-20Soc_Tmean,20-40Soc_Tmean,40-60Soc_Tmean,60-80Soc_Tmean,80-100Soc_Tmean,100-120Soc_Tmean,120-140Soc_Tmean,0-20Soc_Tmax,20-40Soc_Tmax,40-60Soc_Tmax,60-80Soc_Tmax,80-100Soc_Tmax,100-120Soc_Tmax,120-140Soc_Tmax,0-20Soc_Tmin,20-40Soc_Tmin,40-60Soc_Tmin,60-80Soc_Tmin,80-100Soc_Tmin,100-120Soc_Tmin,120-140Soc_Tmin,cluster
23.318433049183508,24.193505228941515,24.737020262330848,25.44829453925662,26.0189255606895,26.427842205584607,32.029054252683856,26.86363012130921,27.12531471732661,27.535774776836817,28.175783932249946,28.77317463950561,32.27853055619137,33.013695517117355,21.879697871366446,22.016800183108266,22.14465552758068,22.716639963378356,23.33943694209201,23.610551613641565,31.36486610208286,3
24.2363245708677,25.572230632025548,26.325026577623216,26.807814303020027,27.454200379505245,27.67761777894915,32.029054252683856,26.85561913481346,28.748546578164337,29.519340810254068,29.981689173723964,30.54474708171206,30.51728084229801,33.013695517117355,22.58505378805219,22.757610437170978,23.721675440604265,24.17715724422065,23.4106202792401,23.715243762874795,31.36486610208286,3
23.983684160435775,25.860432240001185,26.12995425153353,26.27935864494323,26.366715909587054,27.369461552430607,32.029054252683856,26.596292057679094,28.959418631265734,30.01506065461204,30.674067292286562,31.36644541084916,31.65712977798123,33.013695517117355,22.336827649347676,22.568871595330744,23.10862897688259,21.67429617761502,21.577019913023573,23.33943694209201,31.36486610208286,3
25.673549137680837,27.107258294315184,28.31129627497392,29.147229222352486,29.205067982618072,29.436506281864034,32.029054252683856,28.73655298695354,30.931288624399155,32.78406958113985,33.318837262531474,32.2499427786679,31.966124971389323,33.013695517117355,23.91165026321813,24.20233463035019,25.1293202105745,26.223964293888756,25.859464408331423,26.29205767910277,31.36486610208286,0
25.101141360781376,25.59086692506745,26.57542690921328,27.565157268865626,28.45501707015375,28.60449347773592,32.029054252683856,27.23648432135499,28.449942778667896,29.78942549782559,30.373083085374216,31.160448615243748,30.7408560311284,33.013695517117355,23.298878461890585,23.091256580453198,24.08885328450446,24.580224307621894,25.44545662623025,25.55852597848478,31.36486610208286,0
24.349572435105916,25.436179487770058,24.10225018393327,24.780795769155755,26.110635684515348,27.113111464451162,32.029054252683856,26.89771416972928,28.484659447850653,31.274616617074837,27.89196612497139,29.308216983291352,29.65896086060883,33.013695517117355,22.780079059007804,22.994630325845065,23.4101625085832,22.14021515220874,22.74662394140536,24.4967956054017,31.36486610208286,1
21.796096187313346,23.036883050443762,23.557622226029146,24.017705950579114,25.387750618043842,25.43496327321561,32.029054252683856,24.71961547264822,27.65333028152897,27.86678873884185,28.570611123826964,29.463767452506307,28.861799038681607,33.013695517117355,20.485282673380638,20.51810482948043,21.417990386816196,21.37788967727168,21.834012359807737,22.460517280842296,31.36486610208286,3
25.710833837951675,26.314448766761263,26.902548307181597,27.076307875117987,27.237932703132646,27.248435438638616,32.029054252683856,27.45488670176242,28.010070954451816,28.600846875715266,28.86243991760128,29.672693980315856,29.71146715495536,33.013695517117355,24.30469214923324,24.609750514991987,25.021629663538565,25.637560082398714,24.631723506523233,25.87846189059281,31.36486610208286,0
25.19281933660566,26.834741642000925,27.573187791576775,28.401641094783756,28.570920453004355,28.903547888272577,32.029054252683856,27.859647516594194,29.381780727855343,30.449897001602196,31.583428702220164,31.89517051956969,31.554314488441285,33.013695517117355,23.135500114442664,23.373998626688024,25.43941405355916,25.45319295033188,24.614213778896776,26.55825131609063,31.36486610208286,0
21.692744489792638,23.20166524002393,24.013477015286718,24.984208669247252,26.77210901944534,27.598206029001965,32.029054252683856,24.25406271457999,26.256809338521393,28.53023575188831,29.344335088120864,30.55848020141909,30.722751201647977,33.013695517117355,19.286747539482725,19.75555046921492,21.151293202105748,20.991073472190443,21.65712977798124,22.48196383611811,31.36486610208286,3
23.049278933274866,24.76754639539416,25.127288873097147,25.788687653544102,26.431209504281505,26.54976933156959,32.029054252683856,26.314694438086505,27.800457770656898,27.97665369649806,28.981254291599917,29.929045548180355,29.592767223620974,33.013695517117355,21.76999313344015,22.083039597161825,23.108262760357064,23.43087663080797,24.0009155413138,24.110414282444495,31.36486610208286,3
23.176931277417264,24.617935621180084,25.297570756987614,26.50351547180669,28.031952197363434,28.74220670559285,32.029054252683856,24.282169832913716,26.488715953307395,27.515106431677744,29.48043030441748,31.708628976882572,31.849759670405113,33.013695517117355,22.785534447241933,22.70771343556877,22.86335545891508,23.465323872739763,24.792858777752343,25.517372396429387,31.36486610208286,1
24.242474911098643,25.597098717033518,26.474898665634413,27.41573538905957,29.669595760581306,30.903664749143584,32.029054252683856,27.67887388418401,29.830441748683914,30.257473105973908,32.0073243305104,34.200045777065704,34.44724193179218,33.013695517117355,22.421606775005728,22.57724879835203,24.303044174868397,24.46784161135271,25.140764476997017,27.06569008926527,31.36486610208286,0
24.349572435105916,25.436179487770058,29.230945296406503,25.856029088212008,26.77462582759257,26.848287092881634,32.029054252683856,26.89771416972928,28.484659447850653,29.764797436484326,29.598031586175317,30.11544975967039,29.739116502632175,33.013695517117355,22.780079059007804,22.994630325845065,28.697093156328688,22.671206225680937,23.172350652323196,23.973403524834065,31.36486610208286,1
24.349572435105916,25.421999798289967,26.548133573496724,26.53525095244471,27.82629684175002,28.994379063558778,31.99359121080337,26.89771416972928,27.895742732890824,29.596383611810474,29.78942549782559,31.6433966582742,31.963515678644992,31.99359121080337,22.780079059007804,24.372854200045783,23.605722133211263,24.3951705195697,24.22751201647975,25.639620050354768,31.99359121080337,1
25.098792983129528,26.000686795609838,26.771541933071788,27.31449959623443,27.815105502385666,27.79639899625864,32.029054252683856,26.969512474250386,28.438590066376747,29.2699702449073,29.78942549782559,30.073243305104143,29.75051499198901,33.013695517117355,23.785763332570387,23.865644312199592,24.75394827191577,24.96681162737468,25.648889906157013,26.07003891050583,31.36486610208286,0
24.349572435105916,25.721685058693424,26.240398613950525,27.20181209386482,28.324087682084734,28.771175279014603,32.029054252683856,26.89771416972928,27.886678873884186,28.600823987182427,30.13012130922407,31.08981460288396,31.11879148546578,33.013695517117355,22.780079059007804,24.078850995651177,23.900205996795613,24.483703364614332,24.96681162737468,25.205310139620053,31.36486610208286,0
26.868656439933897,27.862523239716342,28.587580297197345,29.110538376849195,28.910477024079125,30.442878188216184,32.029054252683856,30.26962691691462,31.265644312199573,33.248523689631504,33.59807736324102,33.77198443579766,33.574364843213544,33.013695517117355,24.06710917830167,24.508857862211038,25.83428702220188,26.303501945525284,25.25131609063859,27.046189059281293,31.36486610208286,0
25.749337073545547,27.03548305737025,28.000860389481733,28.995317516945335,29.292702733331257,30.082612179777637,32.029054252683856,28.184527351796756,30.006065461203924,31.31151293202105,32.45406271458,32.79011215381095,32.73710231174182,33.013695517117355,23.16163881895171,24.15197985809109,25.674067292286573,25.81098649576563,25.165941863126573,25.859464408331423,31.36486610208286,0
26.27716345617727,27.454076995491743,27.705173279516828,28.19849243821643,29.958736266450096,29.1288092669499,32.029054252683856,29.053147173266193,30.443900205996798,31.63295948729685,32.24882124055849,32.44225223163196,32.01020828564888,33.013695517117355,25.386953536278323,25.117349507896545,25.00242618448158,25.025291828793776,23.27534905012588,26.66960402838178,31.36486610208286,0
24.349572435105916,22.772281641070325,22.971399128641416,23.053637161590718,23.29301741460663,23.535736531805547,32.029054252683856,26.89771416972928,24.541084916456853,25.28184939345388,25.77248798352025,27.4845502403296,28.13902494850082,33.013695517117355,22.780079059007804,21.359853513389794,21.19249256122683,20.88349736781872,20.740077821011678,21.41908903639276,31.36486610208286,2
24.349572435105916,25.436179487770058,30.36222474032638,24.244557397491754,25.127494595995895,25.694699880441274,34.87454439213643,26.89771416972928,28.484659447850653,31.474204623483626,26.62394140535591,27.903410391393923,28.062256809338507,35.03270771343558,22.780079059007804,22.994630325845065,28.927260242618452,21.73723964293889,22.28885328450447,23.204394598306248,34.7650949874113,1
25.067620284678263,26.07013691623678,26.66298934983056,27.76973281791397,28.836802655109114,29.209703764609188,32.029054252683856,26.439185168230715,28.49260700389104,29.859693293659863,31.14671549553673,31.867704280155635,31.872373540856028,33.013695517117355,24.212451361867704,24.051270313572896,24.39230945296407,25.09269855802243,25.762302586404207,26.340123598077355,31.36486610208286,0
24.45129058765747,25.874207747672433,26.664734591318545,27.677896499804543,29.38766909000915,29.812407105472186,32.029054252683856,26.46472877088578,28.48239871824216,29.995422293430988,31.145571068894473,32.75046921492333,32.552437628747995,33.013695517117355,22.519935912108036,23.41496910048066,24.26642252231632,24.99198901350424,25.87319752803845,26.392080567635606,31.36486610208286,0
25.48674049598895,26.678252437796306,27.793504459950682,28.671111905522668,29.109029735320757,29.9241174085393,32.029054252683856,28.58033875028611,31.270313572899965,32.394140535591674,33.34804303044176,34.1165712977798,34.266422522316326,33.013695517117355,22.991416800183103,23.20897230487526,24.19604028381781,25.179674982833603,23.59349965667201,25.030258640421152,31.36486610208286,0
24.349572435105916,25.436179487770058,26.781060149439863,26.570863813849382,27.23687120229015,27.605913163306912,32.029054252683856,26.89771416972928,28.484659447850653,29.786678873884185,28.794689860379957,29.91760128175784,29.91760128175784,33.013695517117355,22.780079059007804,22.994630325845065,25.70794232089723,24.959029526207377,24.742504005493245,25.205172808422983,31.36486610208286,1
20.432666282790052,21.75361289677525,22.178796597689576,22.814354151434443,23.94984201429638,24.385035692108797,32.029054252683856,22.83982604715038,25.55019455252918,26.203250171663992,26.63538567177844,29.967956054016938,30.74785992217898,33.013695517117355,19.232410162508586,19.19890135042344,19.517051956969567,20.141039139391165,19.958800640878923,21.25886930647745,31.36486610208286,2
23.242509845712995,24.53859491550816,25.359655956983563,26.32538860633412,26.545776197658814,26.763181363471748,32.029054252683856,26.05603112840467,28.25616845960174,28.377088578622114,28.86530098420691,29.71160448615244,29.49633783474479,33.013695517117355,22.18585488670176,22.24994277866789,23.49279011215381,23.81094071869993,23.03044174868392,23.290524147402152,31.36486610208286,3
24.349572435105916,26.08470076589276,26.421864356054435,27.086175682991843,29.103235614240976,29.730969386518243,32.029054252683856,26.89771416972928,28.02856488899062,28.917372396429386,30.209430075532154,31.95239185168229,32.019409475852584,33.013695517117355,22.780079059007804,23.895284962233927,24.303044174868397,24.717326619363703,25.761844815747306,27.11741817349507,31.36486610208286,0
25.442221662702867,26.93637315239783,28.157935399495756,28.950577063771245,29.28197947565667,29.62172173809486,32.029054252683856,28.409269855802247,31.17473105973904,32.88825818265051,33.810597390707244,33.74795147631038,33.093316548409256,33.013695517117355,23.108262760357064,23.54973678187228,25.06752117189288,25.52529182879377,24.7676813916228,25.216296635385675,31.36486610208286,0
26.507187608562013,27.71323657308364,27.345705029373306,27.334227543894425,27.935506450320553,28.186641195593765,32.029054252683856,29.430258640421147,32.187411306935246,31.110551613641565,31.19052414740213,31.783016708628963,31.783016708628963,33.013695517117355,25.82460517280842,24.787319752803842,23.626916914625767,24.174982833600367,24.265049210345616,25.49581139848935,31.36486610208286,0
24.349572435105916,23.922997982547127,23.793946984296852,23.601825187178378,23.948162934384055,23.753552010056257,32.029054252683856,26.89771416972928,25.07896543831541,26.154268711375597,26.26688029297321,28.528953994048972,29.48020141908905,33.013695517117355,22.780079059007804,22.48885328450446,21.883726253147177,21.52437628747998,21.25886930647745,21.29777981231404,31.36486610208286,1
26.779573295366507,27.419319526590158,27.884820647136653,28.304957186688014,28.420697094455925,28.25479553275302,32.029054252683856,29.93444724193179,30.67090867475394,31.65712977798123,32.54062714579996,31.82229343099107,31.05287251087205,33.013695517117355,24.666971847104605,24.692149233234147,25.06752117189288,25.104142824444946,25.51384756237125,25.550469214923325,31.36486610208286,0
22.18366505707635,23.822917318910022,24.646513995161015,25.641231080017224,26.537538034080203,26.898109433179187,32.029054252683856,25.458548867017644,28.175783932249946,28.986999313344015,29.304371709773395,31.512291142137776,32.21046005951018,33.013695517117355,20.0,20.2059967956054,22.133211261158166,22.927443350881205,23.01670862897689,23.00698100251774,31.36486610208286,3
26.542615259914907,26.976539406000025,27.608097634911015,28.234901804439204,29.34904457212778,29.883556358011884,32.029054252683856,29.720874341954673,30.09363698786907,30.853376058594645,31.79002059967955,32.549256122682515,32.43991760128176,33.013695517117355,24.25268940260929,24.318951705195694,25.624078736552978,25.646944380865182,25.892767223620957,26.45227740901808,31.36486610208286,0
25.006050433540416,26.729797730223222,26.80898165987093,26.73959179433993,28.88715440084527,29.748394856524964,32.029054252683856,27.581002517738614,32.00910963607231,31.503639276722346,31.6433966582742,33.59807736324102,33.28491645685512,33.013695517117355,23.76058594644083,23.871229114213776,23.248271915770196,23.75962462806134,24.8180361638819,25.507164110780494,31.36486610208286,0
24.349572435105916,22.737671521918937,22.825134060291074,22.814067939262774,23.717345121950352,24.435931369734643,32.029054252683856,26.89771416972928,23.490043488212404,26.43598077363241,28.777340352483407,28.966536964980552,28.262760357061108,33.013695517117355,22.780079059007804,22.356603341725794,20.80109864957656,20.382238498512248,20.286106660563068,21.551842526894035,31.36486610208286,3
27.600459139493825,27.64873564348235,28.201734185106652,29.44740393242509,28.832146127372535,31.06284718137675,32.029054252683856,27.98477912565805,29.50560769054704,30.980659189745932,32.60576791027695,33.675898374914176,33.87928587777523,33.013695517117355,27.09945067521171,25.216296635385675,25.70279240100709,26.733806363012125,24.84321355001144,25.14227512016479,31.36486610208286,0
24.61890347929231,26.0001010726175,27.177791975342704,27.848902137933276,27.995654255501123,28.32680026515917,32.029054252683856,27.538887617303732,28.89906157015335,30.31590753032731,30.95902952620736,31.572442206454557,31.573128862439912,33.013695517117355,22.570244907301447,23.023163195239192,24.454108491645684,23.847562371252017,23.504234378576328,24.151407644769964,31.36486610208286,0
23.899311121552362,25.642126895098016,26.49271143548863,27.67362735286582,28.635293487579688,30.136551560423644,32.029054252683856,27.064820325017156,29.636530098420693,31.110551613641572,32.43975738155184,33.21398489356833,33.719913023575195,33.013695517117355,21.842526894026093,22.011444266422526,23.64797436484321,24.39230945296407,24.639848935683222,25.885900663767444,31.36486610208286,0
24.760742049104334,26.455075389086172,27.281619710355766,28.2842085459295,29.581639203460604,30.085076449242013,32.029054252683856,27.054291599908442,29.059281300068665,30.12588693064773,31.348867017624165,32.600137331197075,32.95337605859465,33.013695517117355,23.32570382238498,23.41496910048066,24.96681162737468,25.691004806591895,26.36530098420691,27.32433051041427,31.36486610208286,0
26.004857784329587,27.32548952784394,28.421786393713763,29.00266498395663,30.343194592592056,30.564025088877177,32.029054252683856,28.478118562600148,31.159349965667186,32.600137331197075,33.22167544060426,34.0053788052186,33.75371938658732,33.013695517117355,24.051270313572896,24.530556191348133,25.55294117647059,25.252918287937742,26.0563057907988,27.04051270313572,31.36486610208286,0
24.136997951528777,25.038016747674092,25.69274220047449,26.622027732914894,27.438188212400245,27.610364269977637,32.029054252683856,25.498649576562144,27.4845502403296,27.610894941634246,28.89906157015335,29.63378347447929,29.634332799267572,33.013695517117355,23.445090409704733,23.465323872739763,23.57601281757839,24.46784161135271,25.167315175097276,25.376516365300983,31.36486610208286,3
24.349572435105916,24.29878297632242,25.21484613679815,25.73088401962065,26.712255393366426,27.13569339901572,32.029054252683856,26.89771416972928,25.99931334401465,27.64476997024491,28.56044861524377,29.473907072556653,29.751888303959728,33.013695517117355,22.780079059007804,23.32089723048752,23.637560082398714,23.080682078278784,23.59349965667201,24.26642252231632,31.36486610208286,1
24.738480329636037,26.097041200765403,26.564028766041137,27.210822701582547,28.21078415648067,28.440428189164177,32.029054252683856,26.120851453421835,27.98118562600138,29.37972075989929,30.326756694895856,30.79707026779583,30.78452735179674,33.013695517117355,23.71892881666286,23.843030441748695,24.643579766536963,25.00558480201419,25.57564660105287,26.08203250171664,31.36486610208286,0
26.114087535744467,27.253940359541417,28.438324678621388,28.790590711097867,28.825575541223362,29.312288914481158,32.029054252683856,29.918860151064315,29.657450217441045,31.56997024490729,32.44541084916457,32.9709315632868,33.10597390707257,33.013695517117355,23.643854428931107,24.063538567177858,25.93499656672008,24.837720302128627,24.35339894712749,24.46262302586404,31.36486610208286,0
24.349572435105916,27.742625448968173,27.693260290915013,27.84509782388669,28.396359909291213,28.506463370846472,32.029054252683856,26.89771416972928,29.691599908445866,29.889402609292738,30.2563515678645,30.972762645914383,30.712634470130464,33.013695517117355,22.780079059007804,26.516731517509722,25.638704509040966,25.376516365300983,25.271572442206452,25.946440833142592,31.36486610208286,0
24.6705277351089,25.801100546528446,26.283288926387478,26.47366752020582,27.056536908623418,26.42421706062489,32.029054252683856,26.768596932936596,28.59510185397117,29.55825131609064,29.90386816205081,29.864957656214237,29.52813000686657,33.013695517117355,23.591210803387504,23.7468528267338,24.1411078049897,23.65758754863813,23.785763332570387,23.82732890821698,31.36486610208286,3
24.56446893755665,25.020509928001584,24.961545376845454,25.470829495071055,27.39123775295566,27.97223802238579,34.36484321355002,25.16566720073243,28.19157701991303,28.6439002059968,29.38336003662164,30.144060425726707,30.21515220874342,34.36484321355002,24.13641565575647,23.59441519798581,22.73756008239872,22.892080567635617,23.79720759899289,24.591439688715948,34.36484321355002,1
20.45743612764762,21.977333512064458,22.61462310219883,23.576906602412254,25.429810943985004,25.50431524232284,32.029054252683856,23.19143968871595,25.458915083543147,26.764705882352935,27.65621423666744,31.121423666742945,28.743533989471278,33.013695517117355,18.86472877088577,19.03181506065461,20.096131837949187,20.856031128404663,21.803616388189525,22.97081712062257,31.36486610208286,2
26.58268437192231,27.803191194810868,28.755769628992986,29.94055562239758,30.19314056570974,30.743829997373016,32.029054252683856,28.999771114671542,30.2563515678645,31.89517051956969,33.94818036163882,33.91165026321813,33.076218814374,33.013695517117355,24.744335088120852,25.328450446326386,26.308033875028602,27.125886930647738,24.91256580453193,25.471549553673615,31.36486610208286,0
17.814702503200234,19.341889195684203,20.357254726701644,21.127212849557825,22.578149656063015,21.622427180471167,32.029054252683856,20.922224765392535,22.27740901808194,23.92538338292516,24.72721446555276,29.844312199588007,31.290089265278066,33.013695517117355,15.592401007095447,15.910093842984667,17.87594415197985,18.905928130006856,18.30167086289768,18.397894254978254,31.36486610208286,2
24.349572435105916,26.484806602797654,26.34526594711449,26.911242752906624,27.239955506577065,27.835846732035208,32.029054252683856,26.89771416972928,27.952414740215154,28.409704737926305,29.48043030441748,30.823987182421604,29.91760128175784,33.013695517117355,22.780079059007804,24.75584802014191,24.60517280842297,24.65552758068208,23.847562371252017,25.441199359121075,31.36486610208286,0
21.84801213221052,23.57776455968039,24.151003718235657,24.60371602185341,25.104024589504704,25.380375166873467,32.029054252683856,24.58303959716182,26.0258640421149,26.625314717326614,27.58297093156329,28.11398489356833,28.11963836118104,33.013695517117355,20.921972991531245,21.18287937743191,21.49590295262074,22.507896543831546,22.75806820782788,23.13344014648661,31.36486610208286,3
24.349572435105916,25.436179487770058,23.55285702614296,23.944421637424018,25.274025409739302,25.38769233182045,32.029054252683856,26.89771416972928,28.484659447850653,25.45436026550698,26.99038681620508,27.97219043259328,27.81643396658275,33.013695517117355,22.780079059007804,22.994630325845065,22.004074158846414,21.551842526894035,22.380407415884648,23.102494850080113,31.36486610208286,1
25.663689021378232,26.71723785373098,26.239794560388717,26.779761802164106,28.500847332796557,29.362266047638705,32.029054252683856,28.97367818722819,30.848157473105967,30.722178988326842,30.901350423437833,32.95490959029527,32.98079652094301,33.013695517117355,23.44586861982147,23.346303501945517,23.583566033417256,24.22751201647975,24.69819180590524,25.780521858548862,31.36486610208286,0
25.703000971787255,27.04706892102544,27.758362275515434,28.140542394783363,28.40427451770753,28.506236714852296,32.029054252683856,27.61959258411537,29.614373998626686,30.09842069123368,30.759670405127014,31.21538109407186,30.89036392767223,33.013695517117355,24.95523002975509,24.99929045548181,25.74753948271916,25.07896543831541,25.5390249485008,25.92579537651637,31.36486610208286,0
23.25597579716727,24.73930345211123,25.005256344810693,25.632425825310317,26.619576324284978,26.637032102295905,32.029054252683856,24.84726482032502,27.72945754177158,27.12748912794689,28.045044632639037,28.98603799496452,29.49565117875944,33.013695517117355,22.34479285877776,22.342320897230486,23.29599450675212,23.643854428931107,24.50240329594873,24.715838864728774,31.36486610208286,3
25.380174356822646,27.221716225515607,27.5226843369169,28.3379516345108,29.471214247380566,29.987067102653544,32.029054252683856,27.962462806134127,31.483451590753027,30.691233691920345,32.006637674525024,32.643625543602674,32.56621652552073,33.013695517117355,24.176699473563747,24.34195468070497,25.241474021515216,25.71068894483864,26.75898374914168,27.3357747768368,31.36486610208286,0
23.814232264532496,25.3266608750018,25.918890212529003,26.39622733880025,26.87570685881421,27.423603906211838,32.029054252683856,26.310482948043024,28.895536736095217,30.11435111009383,31.097367818722812,31.12661936369877,30.86724650949874,33.013695517117355,21.44962233920806,21.982650492103453,23.649622339208058,23.130144197756923,22.680247196154728,23.172350652323196,31.36486610208286,3
24.349572435105916,25.767945455912628,25.99769552480768,26.42834755016405,27.57871651786416,28.009110733192358,26.32011753222611,26.89771416972928,28.007873655298702,28.43671320668345,29.208880750743862,30.55848020141909,30.672831311512926,32.23385214007783,22.780079059007804,23.976997024490736,23.946852826733807,24.34195468070497,25.01716639963378,24.41748683909361,24.41748683909361,3
26.525996393806395,27.654824483574266,28.54439284585072,29.252027133820466,29.439960539664956,29.619349412151866,32.029054252683856,28.979995422293428,30.006866559853503,31.24284733348591,31.94902723735407,32.24966811627375,32.27969787136645,33.013695517117355,24.47928587777524,24.7676813916228,26.14328221560997,26.56454566262302,26.36530098420691,26.85355916685739,31.36486610208286,0
20.99805407228897,22.514315503473277,22.978705533513228,23.235280450694756,23.70779148320905,24.04553595513107,32.029054252683856,22.97608148317693,25.971618219272145,26.376745250629423,27.025406271458,27.214465552758053,26.989974822613853,33.013695517117355,19.642938887617305,19.958800640878923,20.423437857633328,20.61341268024719,20.64122224765392,21.64568551155871,31.36486610208286,2
22.534741851320806,24.145321211306015,24.51300362913646,25.19209893870007,25.89170238373528,26.257238381109453,32.029054252683856,24.488990615701532,26.323460746166166,27.52117189288167,28.635843442435345,29.14156557564661,28.96237125200275,33.013695517117355,21.407003891050575,21.940718699931345,22.521171892881668,22.66880292973221,23.24788281071183,23.21993591210804,31.36486610208286,3
26.31326709224304,27.48508030094121,28.810986151052653,30.00828344931308,30.560111385840717,30.669702571005242,32.029054252683856,29.438086518654135,32.543923094529646,34.149095902952624,34.82659647516593,34.960036621652556,34.36484321355002,33.013695517117355,24.31540398260471,24.551522087434194,25.749599450675213,26.514259555962465,26.663767452506292,27.06569008926527,31.36486610208286,0
24.349572435105916,28.420859294925265,28.60391771878278,29.54791215619032,30.502103579493177,31.41744630652266,32.029054252683856,26.89771416972928,30.866788738841837,31.856168459601722,33.00068665598536,33.97878233005266,33.895628290226604,33.013695517117355,22.780079059007804,26.41016250858319,25.600823987182427,26.23025864042114,24.566262302586413,27.90672922865645,31.36486610208286,0
22.953492331650786,23.904584591132874,24.466170956347597,24.809328283834784,24.87629874959382,25.04373814487217,32.029054252683856,24.333897917143506,25.76791027695124,27.003891050583647,27.851911192492565,27.738269626916928,27.386129549095912,33.013695517117355,21.869993133440147,21.950560769054707,22.380407415884648,22.70771343556877,22.22476539253834,22.36896314946212,31.36486610208286,3
24.349572435105916,26.465593942212994,26.937530149422876,27.390966104463555,27.989175356107634,28.006464595594853,32.029054252683856,26.89771416972928,27.519707026779585,28.812085145342177,29.63378347447929,30.28152895399404,30.67969787136644,33.013695517117355,22.780079059007804,24.74845502403296,25.02861066605631,25.461432822156105,24.52197299153124,25.951247425040055,31.36486610208286,1
25.49271879149415,26.73353249401187,27.586668897080184,28.343704537766627,27.382743606738327,28.70115906871277,32.029054252683856,27.85236896314947,29.79093614099336,30.83772030212863,31.26990157930875,31.99359121080337,32.03707942320898,33.013695517117355,23.967360952162977,24.31526665140764,25.289539940489817,25.165941863126573,24.99198901350424,25.510185397116043,31.36486610208286,0
24.725795174677447,24.634248326033013,24.877860843318906,25.55076655055086,26.978276626888704,26.682939213268146,32.029054252683856,27.04209201190203,27.738384069581148,27.66308079652095,28.924238956282903,29.47116044861524,29.355115587090875,33.013695517117355,22.61137560082399,22.094300755321584,22.88853284504464,23.06935225452048,23.40352483405813,23.97573815518426,31.36486610208286,3
30.54340100790704,29.901190485658546,29.34969598891041,29.476402950708618,28.76669273455023,28.984955894307763,32.029054252683856,38.747997253376056,39.757129777981234,40.07324330510414,40.73014419775691,41.234927901121516,43.38635843442435,33.013695517117355,25.078347447928586,24.829480430304407,24.806500343328004,25.051155870908673,23.93682764934768,24.316777294575413,31.36486610208286,0
24.349572435105916,25.49734442762257,26.654953713338248,27.094980693046377,28.23285920763049,28.919313491811586,32.029054252683856,26.89771416972928,25.958823529411763,28.299382009613183,29.235317006179894,31.1879148546578,31.421377889677263,33.013695517117355,22.780079059007804,25.14254978255893,25.102540627145792,24.255298695353623,25.02861066605631,25.7468528267338,31.36486610208286,1
24.349572435105916,25.75853101351302,26.371886280154136,27.504524622617144,29.911094124466857,30.851545870762397,32.029054252683856,26.89771416972928,27.777294575417724,29.140878919661255,31.135271229114213,33.87960631723507,34.039826047150385,33.013695517117355,22.780079059007804,24.65415426871138,24.02609292744336,23.750148775463487,25.202563515678648,25.202563515678648,31.36486610208286,0
26.635574445673353,27.5062910585683,28.077768851827862,28.474361575103554,28.656855786425012,29.305831761544507,32.029054252683856,28.34122224765392,31.21801327534907,31.45021744106199,31.725795376516363,32.49713893339438,32.45365072098879,33.013695517117355,25.140764476997017,25.359922178988324,25.673952849622346,25.61226825360493,25.440787365529864,25.912680247196153,31.36486610208286,0
24.67204974508902,26.226250097174557,26.7830380772898,27.461772706045743,28.42491325988253,28.634930570002638,32.029054252683856,27.535820553902507,29.463813229571983,30.04577706569009,31.051499198901343,31.421377889677263,31.790661478599212,33.013695517117355,23.543144884412907,23.643854428931107,24.442664225223176,25.02861066605631,24.62279697871367,25.971618219272145,31.36486610208286,0
23.533075613856738,23.952883696296013,24.791228139201458,24.903118097230806,24.066039392825925,23.66816869690519,32.029054252683856,25.498558022430757,25.881437399862662,27.543511100938435,28.115861753261616,31.749141680018287,32.33005264362556,33.013695517117355,20.031311512932017,21.31535820553903,22.529961089494165,22.810711833371485,20.652323186083773,20.970473792629896,31.36486610208286,1
24.349572435105916,23.957540714928527,23.755877936819694,24.192775859337953,26.26934034953648,26.86936513257103,32.029054252683856,26.89771416972928,24.327603570611124,27.322636758983755,27.076218814373988,29.20119020370793,29.39885557335774,33.013695517117355,22.780079059007804,23.596108949416344,21.889906157015343,21.37788967727168,22.884412909132532,24.03753719386588,31.36486610208286,1
24.127911912501393,25.987058155521545,26.445474237812,27.168682179492293,28.604657327540025,29.156491720665908,32.029054252683856,27.890043488212413,28.560952162966355,29.91760128175784,30.89036392767223,31.851682307164097,31.99359121080337,33.013695517117355,22.086610208285652,22.34314488441291,23.77203021286336,24.014007782101174,25.5390249485008,26.33433279926756,31.36486610208286,0
24.47763783308444,25.644439947054003,26.076788954204684,26.913191992060064,27.886966622510496,28.037557458058185,32.029054252683856,26.293064774547943,28.511604486152443,28.56209658960861,29.929045548180355,30.77134355687799,30.74387731746394,33.013695517117355,23.489768825818263,22.89411764705882,23.578782330052643,24.150720988784613,24.742504005493245,25.026482032501715,31.36486610208286,0
22.632724000693873,24.03474583221115,24.8928684655661,25.801844737650605,26.055203227391647,26.631837672640987,32.029054252683856,24.977775234607464,27.295399404898134,28.61066605630579,29.376310368505372,29.963172350652307,29.65557335774778,33.013695517117355,20.779079880979634,21.16502632181277,22.57724879835203,23.41496910048066,22.524605172808425,23.03044174868392,31.36486610208286,3
26.307280542064092,27.990045027533824,28.146388462728478,29.000173095533114,29.144436162779506,29.791584226205,32.029054252683856,30.267978942549775,31.160448615243748,30.965209430075518,31.98658731975279,32.633463035019446,32.16525520714124,33.013695517117355,24.88422980086976,25.36232547493705,25.68780041199359,26.666399633783474,25.052300297550925,26.76514076447699,31.36486610208286,0
24.349572435105916,27.54139182511722,28.24815267300159,28.981610305573724,30.052369625379512,30.448445597076624,32.029054252683856,26.89771416972928,29.6302357518883,30.83772030212863,31.881437399862666,33.28908216983292,33.318837262531474,33.013695517117355,22.780079059007804,25.321446555275802,25.22774090180819,25.749599450675213,26.044861524376287,26.179903868162047,31.36486610208286,0
27.044044554454253,28.004839011296962,29.102622863936862,29.41727117101624,29.456346762501244,29.714957757367575,32.029054252683856,30.07109178301671,32.27186999313345,33.40915541313801,33.61847104600595,33.03044174868391,32.750308995193414,33.013695517117355,24.661707484550245,24.87983520256352,25.99574273289082,25.95788509956512,24.11535820553902,26.762005035477216,31.36486610208286,0
25.941325233932066,26.92232499197525,27.075071591674362,27.141837341350094,28.17417338721957,29.141325963297835,32.029054252683856,27.963996337834743,29.036392767223617,30.499656672007315,31.113160906385904,31.588372625314705,31.750926985580215,33.013695517117355,24.722407873655303,24.75257495994507,24.968871595330732,24.14751659418631,24.665140764477,25.987342641336685,31.36486610208286,0
21.13336881232449,22.658358218648495,23.399258991198128,24.34329074864508,25.171682495219173,25.433557251879993,32.029054252683856,22.624765392538343,24.89127946898604,26.469878690775936,27.68139162279698,28.16433966582743,28.125429159990844,33.013695517117355,19.97253376058595,20.068665598535137,21.017761501487744,21.2314030670634,20.93614099336233,21.311512932021056,31.36486610208286,2
24.80483338986638,25.41770468632374,25.844473366086824,26.6796997514207,27.703304660874643,28.079070804947218,32.029054252683856,26.860334172579524,28.47473105973907,28.732158388647296,30.106385900663753,30.95902952620736,31.160448615243748,33.013695517117355,23.16923781185627,23.15861753261616,23.469718471046008,24.36713206683452,24.84321355001144,25.47585259784848,31.36486610208286,0
27.05644438786788,27.05805011217606,25.459747386947036,27.380528479477995,29.456955626888167,30.986210573680914,32.029054252683856,30.685008010986486,34.223620965896096,30.00943007553215,31.25575646601051,34.08789196612497,34.62806134126802,33.013695517117355,24.579720759899285,25.21057450217441,24.399633783474478,23.86129549095904,23.77203021286336,26.040100709544518,31.36486610208286,0
21.151042767679947,21.8889888082753,22.24426903433981,21.915455595104312,23.270107564966764,22.72986836527711,32.029054252683856,24.922865644312193,25.859464408331423,26.24170290684367,27.211856260013747,28.313115129320213,27.18411535820554,33.013695517117355,17.68830395971618,18.284916456855107,18.345159075303272,18.79130235751888,18.905928130006856,20.34103913939117,31.36486610208286,2
19.49498875497172,21.56695090295947,21.90407877276963,23.39898267659411,25.508718821716457,26.119759409254804,25.92126344701305,22.732066834515898,24.695857175555044,25.489356832227053,27.377477683680485,28.635843442435345,28.670519569695585,25.92126344701305,18.086335545891508,18.256145571068892,19.683451590753034,20.244907301441984,20.762188143739987,22.71627374685282,25.92126344701305,2
23.201228021444393,23.101468596372325,23.51782459388444,24.045038338094542,24.64544673867811,24.880479442952012,32.029054252683856,24.97859922178988,26.31522087434195,26.706683451590745,27.5326161593042,27.553330281528964,27.411306935225447,33.013695517117355,21.230830853742273,20.52991531242848,21.112382696269165,21.338979171435117,21.776150148775468,22.27740901808194,31.36486610208286,3
24.349572435105916,26.282700079924197,26.604308346780293,27.060496439382938,28.20680861547172,29.39624309788517,32.029054252683856,26.89771416972928,28.076356145571076,29.255573357747753,30.49347676813916,31.824216067750047,31.922911421377876,33.013695517117355,22.780079059007804,24.291599908445875,24.579995422293443,23.757839322499425,24.65655756466011,25.9210345616846,31.36486610208286,0
27.882636462360594,28.08711442125747,27.716671251045604,27.908788200482007,28.226485611858646,28.821288455572997,32.029054252683856,29.260883497367825,31.579743648432128,32.21183337148089,30.624856946669716,30.866102082856486,30.865186541542684,33.013695517117355,27.424124513618686,25.66262302586404,25.34195468070497,25.52529182879377,25.22774090180819,26.273563744563962,31.36486610208286,0
26.619183825936382,27.85048878126582,28.898209423853096,30.312121777758133,29.34760952207473,30.386346897038205,32.029054252683856,29.507026779583423,30.95902952620736,32.9709315632868,33.442435339894715,33.813962005035485,33.536392767223624,33.013695517117355,24.4240329594873,25.06752117189288,26.646829938200952,27.189288166628515,24.871137560082406,24.83943694209201,31.36486610208286,0
26.65954723682012,27.74000226695818,28.22277043021613,29.70572560039793,29.04208082444007,30.3035920553794,35.37480637039553,27.518333714808893,31.045181963836114,31.490043488212397,32.483405813687355,32.865644312199585,32.958434424353406,35.41490043488212,26.184847791256576,25.303273060196844,25.27660791943236,26.61020828564888,24.702471961547264,25.52025635156786,35.363309681849394,0
24.8211268391655,26.26414407339624,26.566354235836833,27.457688059553067,27.31560987218576,29.413038567491977,32.029054252683856,26.702723735408554,28.589105058365767,29.73678187228198,30.66376745250629,31.780544747081695,31.93636987869077,33.013695517117355,22.950698100251778,23.239322499427786,23.824055848020137,24.692149233234147,24.268482490272376,26.159395742732883,31.36486610208286,0
26.377812137715953,27.15594627895705,27.71820606544324,28.332510831588873,29.132026727494793,29.425932515728295,32.029054252683856,29.12446784161134,30.266926070038917,31.025406271458,31.65712977798123,32.30945296406502,32.05850308995194,33.013695517117355,23.773861295490956,24.70588235294117,25.293934538796066,25.73586633096818,25.31471732661936,25.99450675211719,31.36486610208286,0
25.496936714317773,26.98646038158364,27.616790730049033,28.61433480994909,29.67918135604646,30.67696823838565,32.029054252683856,26.746120393682762,28.611306935225453,30.282627603570603,31.725795376516363,32.99812314030672,33.294575417715734,33.013695517117355,25.01716639963378,25.048294804303044,25.35161364156558,25.105401693751425,24.37116044861525,27.070725566491177,31.36486610208286,0
22.79188472628382,23.975809034697996,24.351547892903618,25.483187972519115,26.870073899117248,26.97438485944794,32.029054252683856,25.159647516594188,27.455024032959486,28.1506065461204,29.036392767223617,30.19917601281757,30.181048294804295,33.013695517117355,21.708056763561462,21.557061112382698,21.56557564660105,22.34000915541314,23.79720759899289,23.93682764934768,31.36486610208286,3
25.124825147449055,26.674305538328824,27.48063215756946,27.802116791273846,29.419850692232103,29.87743309532473,32.029054252683856,27.676905470359358,30.394781414511325,31.24284733348591,31.84824902723734,32.5254520485237,32.22247653925385,33.013695517117355,24.053101396200503,24.12680247196155,24.44341954680706,25.39024948500801,25.689860379949643,26.952162966353857,31.36486610208286,0
24.518774133771938,25.891735693320822,26.340037976832885,27.221700233777984,29.080703506880816,29.56133898709377,32.029054252683856,25.94644083314259,29.814991989013496,30.45266651407643,31.21538109407186,32.4018310826276,32.02778667887388,33.013695517117355,23.689631494621196,23.962005035477237,23.607232776379035,24.241245136186773,25.432822156099792,26.593957427328906,31.36486610208286,0
24.906331724136482,26.15020631512495,26.313963385173825,26.9982050260616,27.88075434192675,28.669406179916713,32.029054252683856,25.289539940489817,28.100251773861302,28.812085145342177,29.83978027008469,30.94529640650033,31.326894026092916,33.013695517117355,24.427580682078275,24.52964065003433,23.989379720759892,24.75394827191577,24.666971847104605,24.666971847104605,31.36486610208286,0
26.117712074437033,27.206009656616786,28.08518315937423,28.558413922371138,28.768478876696538,31.11429396014374,32.029054252683856,29.011856260013726,30.455939574273287,32.22641336690319,32.9709315632868,34.2504005493248,34.27219043259328,33.013695517117355,24.68619821469444,24.831540398260472,25.458228427557795,25.23859006637674,24.68070496681163,26.246372167544056,31.36486610208286,0
22.483180854108713,23.59409107865147,24.381296912936264,24.565066512994953,24.251888634800114,24.124577955925282,32.029054252683856,25.54877546349278,26.68574044403753,27.449301899748228,28.175783932249946,28.5894712748913,27.152666514076447,33.013695517117355,20.893522545204846,20.97734035248341,21.92263675898376,21.75097276264591,21.73723964293889,21.818837262531478,31.36486610208286,3
26.317825367454187,27.14372072792448,27.404990532730714,28.18729051435122,28.55376879611009,29.23796322716484,32.029054252683856,28.542320897230486,30.675303273060194,31.080338750286103,31.867704280155635,32.643625543602674,32.22247653925385,33.013695517117355,24.445593957427338,24.84321355001144,24.66056305790799,25.02861066605631,24.09311055161364,25.889677271686878,31.36486610208286,0
26.070003070112218,26.664827494736546,27.508475881084944,28.036010097861794,29.369962205628006,29.99966453113934,32.029054252683856,28.007782101167326,31.132661936369864,30.380773632410154,30.927992675669476,32.554360265506986,32.641153582055395,33.013695517117355,24.140535591668577,24.21606775005722,25.39024948500801,25.61226825360493,26.463721675440603,27.343877317463953,31.36486610208286,0
18.396822787521526,19.808600128638805,20.37794784255831,21.21842447748423,22.15426110891519,22.40606967636737,32.029054252683856,21.479171435110995,22.347264820325016,23.76470588235294,25.181391622796976,26.23025864042114,26.26688029297321,33.013695517117355,17.08397802700847,17.232776379034107,18.118562600137324,18.722705424582283,19.100480659189746,19.2813000686656,31.36486610208286,2
26.754481234722547,27.198347786612995,27.308143198963695,27.276007174193843,27.910742328524485,28.408361101102358,32.029054252683856,30.746120393682755,31.719890135042338,30.341886015106425,30.33417257953765,30.931563286793303,30.83772030212863,33.013695517117355,24.852964065003427,24.944014648661017,24.590318150606546,25.05058365758755,24.165712977798123,26.16845960173953,31.36486610208286,0
23.063101470619998,24.302686190029085,25.745735695306713,26.103397561681977,27.498883549284354,28.54443665961639,32.029054252683856,23.898558022430763,26.009864957656212,28.35168230716411,29.301899748226127,30.88226138704508,30.997940032043942,33.013695517117355,22.749736781872286,22.774685282673378,23.259281300068654,23.41496910048066,23.741222247653916,25.131334401464866,31.36486610208286,3
26.851681590254536,26.982789751635398,27.23238409324123,27.788749196900916,29.02069032216841,29.87837158560327,32.029054252683856,27.915770199130236,28.873884184023808,30.389013504234367,31.378255893797192,32.483405813687355,32.70464637216756,33.013695517117355,25.466147859922174,24.71103227283131,24.241245136186773,24.83140306706339,24.60517280842297,26.855893797207585,31.36486610208286,0
21.605587106987056,22.47892700060935,23.239512337472313,23.200153219968882,24.279302117548937,24.71584605408082,32.029054252683856,22.36896314946212,26.212130922407866,26.68574044403753,26.79835202563515,27.764110780498974,27.453582055390253,33.013695517117355,20.904188601510644,20.81812771801327,20.963607232776383,20.907667658503087,21.26312657358663,22.341496910048065,31.36486610208286,2
24.349572435105916,25.436179487770058,22.817609716796486,23.175221044751396,23.330668013938766,23.65188309720082,32.029054252683856,26.89771416972928,28.484659447850653,24.358068207827873,25.165941863126573,25.62600137331196,25.741359578850986,33.013695517117355,22.780079059007804,22.994630325845065,21.969649805447467,21.60448615243763,21.60448615243763,22.219272144655534,31.36486610208286,1
26.705755040554664,27.700958438076476,28.737899462365704,29.310925727936784,28.782409352304214,29.398834240901767,32.029054252683856,29.409292744335094,31.14282444495307,32.23263904783705,32.90645456626231,32.6138704509041,32.09512474250403,33.013695517117355,25.06752117189288,25.140764476997017,26.21652552071411,26.733806363012125,23.39473563744563,26.706935225452042,31.36486610208286,0
24.349572435105916,25.436179487770058,23.04958644991435,22.57671349478222,23.2966036407432,23.793593879740776,32.029054252683856,26.89771416972928,28.484659447850653,32.03021286335546,25.00393682764935,27.4802929732204,28.128450446326394,33.013695517117355,22.780079059007804,22.994630325845065,21.936369878690787,20.450904097047385,20.96786449988556,22.105745021744116,31.36486610208286,1
24.349572435105916,26.750750278347837,25.67145643976727,26.089671911567056,27.786050582364197,29.79767121405026,32.029054252683856,26.89771416972928,28.813458457312887,30.073243305104143,30.530350194552515,33.135728999771125,33.45859464408332,33.013695517117355,22.780079059007804,25.64705882352941,23.008125429159993,23.33943694209201,23.45387960631723,24.629961089494163,31.36486610208286,0
24.65690436629794,26.17739568951544,26.432936752598472,27.06532304920073,28.016198944265845,28.947600836691855,32.029054252683856,27.826207370107586,29.73376058594643,30.164797436484324,30.997940032043942,31.90890363927672,31.94293888761729,33.013695517117355,22.746738384069584,22.91371023117418,23.554268711375602,24.41748683909361,24.8180361638819,25.80107576104372,31.36486610208286,0
22.373970742883802,23.727724505668654,23.52327127705412,25.26454693757557,27.63795887399708,29.075293091282354,32.029054252683856,24.617349507896556,27.222384985122442,29.05905241474021,30.39917601281757,32.984664682993824,33.37823300526438,33.013695517117355,21.57564660105287,20.59047837033646,20.319615472648213,21.780270084687576,21.697642481116972,21.990730144197762,31.36486610208286,3
24.349572435105916,25.436179487770058,26.020338433678535,26.5061398912793,27.73602457531319,28.381423380907606,32.029054252683856,26.89771416972928,28.484659447850653,29.5492332341497,29.38143739986267,30.21515220874342,30.33417257953765,33.013695517117355,22.780079059007804,22.994630325845065,24.909819180590524,24.113298237582967,24.328221560997942,24.69253833829252,31.36486610208286,1
22.408665016057235,23.693426894304302,24.798681001498927,25.20717902645846,26.419067816419634,26.717712273339334,32.029054252683856,23.920164797436485,26.546486610208277,27.69517051956971,28.392263675898377,29.45525291828794,29.53868162050812,33.013695517117355,21.8655985351339,22.02298008697643,22.419272144655533,22.91371023117418,22.053101396200503,23.86129549095904,31.36486610208286,3
26.661197571440756,26.972291894074253,27.521706077344493,28.180781819487052,29.25884679965779,29.160061069069986,32.029054252683856,30.531975280384515,32.881460288395516,32.72639047837035,33.97573815518426,34.6623941405356,34.06225680933852,33.013695517117355,25.15884641794461,25.06752117189288,25.31471732661936,25.477225909819182,24.916456855115584,24.999542229343096,31.36486610208286,0
23.229618078834367,24.426989917332904,25.100065539489158,25.68772872187277,26.27600235803696,26.22405533309145,32.029054252683856,25.549462119478143,27.325474937056534,28.49851224536508,29.187548638132302,29.566605630579073,28.84344243533989,33.013695517117355,21.312062256809337,21.638132295719846,23.06935225452048,23.32570382238498,23.72476539253834,24.170977340352483,31.36486610208286,3
22.142659365986574,23.26833974931165,23.638533434756567,23.8026169951965,25.17892531532392,25.415988428484606,32.029054252683856,24.392401007095444,25.837994964522778,26.607804989700153,27.434195468070502,29.08903639276723,30.102197299153097,33.013695517117355,21.27685969329366,21.349004348821243,21.60448615243763,21.391622796978712,22.133211261158166,22.655069810025186,31.36486610208286,3
23.753543345839425,24.368951842041955,25.01025529819505,26.178295941796712,27.3081514022813,27.45704416016726,32.029054252683856,26.117051956969558,26.86884870679789,27.96520943007553,29.37972075989929,29.83442435339896,29.73678187228198,33.013695517117355,22.215289539940493,22.44854657816434,22.70771343556877,23.229205767910276,24.35339894712749,24.523346303501945,31.36486610208286,3
24.349572435105916,19.696361456995408,19.722176109383906,20.39731488544465,23.26534693773112,21.844243109957738,32.029054252683856,26.89771416972928,22.068894483863584,22.76413366903181,24.131197070267795,28.49851224536508,29.17761501487754,33.013695517117355,22.780079059007804,17.36346990157931,17.578393224994272,17.58773174639505,18.990615701533528,19.045548180361635,31.36486610208286,2
26.415156746056937,27.45369951151219,27.755921037409163,28.20429382971958,27.900049149774436,28.316274138773913,32.029054252683856,28.45502403295949,30.35934996566719,30.903410391393894,31.425085831998153,31.36644541084916,31.078416113527116,33.013695517117355,23.991577019913024,24.747997253376056,25.31540398260471,25.550469214923325,24.7676813916228,25.61517509727626,31.36486610208286,0
23.609149100228557,24.988290758290788,25.553109333152356,26.15094120888247,27.396669301213013,27.529949612119307,32.029054252683856,26.705424582284277,28.11398489356833,28.29610894941634,29.16456855115587,29.924811169604016,30.024170290684363,33.013695517117355,21.504005493247885,21.499198901350425,23.224490730144204,23.87273975738155,24.509544518196385,25.165941863126573,31.36486610208286,3
28.328235983824616,25.63218995901936,26.37234209858094,25.855463043830845,28.809256105213038,30.013379900330833,32.029054252683856,31.002517738612944,29.1653467612726,30.871961547264807,30.565575646601044,34.07186999313345,33.54197756923782,33.013695517117355,27.640100709544516,22.485694666971845,23.93682764934768,22.6161593041886,23.16177615014878,25.34669260700389,31.36486610208286,1
24.349572435105916,25.589536022860845,25.67241851217179,25.798393120755755,26.68132978863553,26.61930452298669,32.029054252683856,26.89771416972928,26.330281528953993,28.214053559166857,28.912794689860377,29.798008697642477,29.55825131609064,33.013695517117355,22.780079059007804,24.514671549553672,23.70656900892653,23.822384985122447,23.45387960631723,24.49301899748227,31.36486610208286,1
25.750853161197465,27.05288483517096,27.972675746100734,28.757099530009445,28.566724332624272,29.568479940158237,32.029054252683856,29.21261158159762,29.91760128175784,30.997940032043942,31.922636758983742,32.82627603570611,32.248157473105984,33.013695517117355,24.016136415655765,24.247653925383382,25.536690318150605,25.857747768368046,23.601739528496225,26.453765163653006,31.36486610208286,0
25.521868766871854,26.749083118047686,27.685478862241133,28.461478734863,29.345043448119522,29.890291678131277,32.029054252683856,27.77981231403068,29.189745937285423,30.74387731746394,31.810482948043017,32.32318608377204,32.178850995651175,33.013695517117355,24.087891966124968,24.35339894712749,25.376516365300983,26.23025864042114,26.85740444037536,27.55779354543374,31.36486610208286,0
21.552247775291168,22.17786898887858,22.724390916777917,22.888038800235943,24.089129600115918,24.3783136899469,32.029054252683856,22.134081025406275,24.96807049668116,25.85637445639733,26.0563057907988,27.95349050125887,28.537880521858575,33.013695517117355,20.50931563286793,19.63456168459602,20.545433737697408,19.986266880292973,20.451178759441525,21.380636301213084,31.36486610208286,2
24.760534772614797,25.735624197727745,26.094383760999943,26.067580078274364,26.73488133192136,27.61717899859792,32.029054252683856,25.697093156328677,27.254154268711368,29.024444953078508,29.290455481803622,30.21515220874342,30.668711375600825,33.013695517117355,24.396841382467386,24.163378347447928,23.81849393453879,23.864614328221567,23.582055390249483,24.20027466239414,31.36486610208286,1
23.540652090448642,24.713577814460034,25.222111971930037,25.96170087241851,25.95726688129489,26.00759430275016,32.029054252683856,26.38590066376744,27.7912565804532,28.175783932249946,29.12565804531929,29.62233920805676,29.290455481803622,33.013695517117355,22.177843900206003,22.10794232089724,22.71915770199131,23.172350652323196,22.88853284504464,23.15861753261616,31.36486610208286,3
24.349572435105916,27.253064212429287,28.096297548862253,28.926682476169347,28.87203971182273,29.076329680583942,32.029054252683856,26.89771416972928,29.20119020370793,30.3067063401236,31.40764476997024,31.53124284733348,31.229114213778885,33.013695517117355,22.780079059007804,25.306363012130923,25.747264820325018,26.50034332799267,24.90501258869307,26.894026092927437,31.36486610208286,0
27.065639563568443,28.454006044751896,28.81961474467406,27.019660397404383,27.79584309155562,29.888993336903045,32.029054252683856,29.02687113756008,31.773678187228185,32.89004348821243,33.197047379263005,32.84962233920807,32.895399404898164,33.013695517117355,25.354749370565344,25.82284275577935,26.45639734493019,23.848317692835902,23.86129549095904,26.029846646829935,31.36486610208286,0
23.940819960812707,24.956146208410647,25.524754908020416,26.50728356539986,26.60809348054729,26.943952683234855,32.029054252683856,26.768345159075295,27.61959258411537,28.640627145799947,29.892423895628287,29.956855115587093,29.50560769054704,33.013695517117355,22.39427786678874,22.549782558937977,23.41496910048066,24.06422522316321,23.67132066834516,24.428931105516146,31.36486610208286,3
24.349572435105916,23.796650400160186,23.111430428037743,22.936812481143185,23.330417636708905,23.62556532728831,32.029054252683856,26.89771416972928,25.269832913710232,25.52595559624628,25.62600137331196,25.79766536964981,25.99450675211719,33.013695517117355,22.780079059007804,23.189425497825585,21.431929503318834,21.44426642252232,21.58457312886244,21.81734950789655,31.36486610208286,1
21.04087698359971,21.769265161903082,22.041740143755447,22.165882459337578,22.820025560796783,22.76961484336917,37.21808106622659,22.179789425497834,23.18093385214008,24.406408789196608,24.428931105516146,29.036392767223617,26.578530556191282,37.24650949874113,19.653238727397575,19.673838406958115,19.93435568780041,20.382238498512248,19.350469214923333,19.612863355458913,37.18818951705197,1
22.62845761689084,23.806361349420943,24.487392283705557,25.290184800799608,26.58199597940556,26.459523524923945,32.029054252683856,25.47521171892882,26.949347676813904,28.13916227969787,29.1760128175784,29.55825131609064,29.40778210116731,33.013695517117355,20.368505378805228,21.286335545891504,21.776150148775468,21.62961776150149,21.64568551155871,20.945479514763107,31.36486610208286,3
26.29942954016141,27.204188834141704,27.911661177663955,28.140519071831676,29.10473768545053,29.781312126945437,32.029054252683856,29.30785076676586,30.931563286793303,31.83410391393911,32.67338063630122,33.28812085145344,33.002334630350205,33.013695517117355,24.91302357518883,24.085694666971843,25.024490730144198,24.53421835660334,25.19111924925612,25.9699702449073,31.36486610208286,0
25.51748146158737,26.811844587811088,27.936944760213443,28.472948308803655,27.530091085453293,28.33649364546792,32.029054252683856,28.281643396658282,30.443625543602653,31.502128633554566,32.74662394140536,32.67338063630122,32.350652323186104,33.013695517117355,23.723964293888763,24.03753719386588,25.09269855802243,25.15449759670405,23.40352483405813,24.29361409933624,31.36486610208286,0
24.349572435105916,28.30668658107983,27.423050608192856,27.824868903433728,28.647697678478,28.764267378884114,32.029054252683856,26.89771416972928,30.501464866102076,30.200823987182414,30.60123598077362,30.984206912336923,30.888807507438766,33.013695517117355,22.780079059007804,26.70881208514534,25.28049897001602,25.674067292286573,26.213664454108482,26.598764019226365,31.36486610208286,0
25.10913589364202,26.18330526682304,27.18467206744368,27.788436499442213,27.620045331599403,28.345761833801156,32.029054252683856,27.747058823529414,28.47333485923552,30.02655069810025,31.04463263904783,31.20164797436483,31.96701762417028,33.013695517117355,23.819340810254072,23.858548867017635,24.8180361638819,25.026321812771805,23.13344014648661,23.591943236438542,31.36486610208286,0
21.952053870691497,23.589237135114878,24.156222615532528,24.76909153806302,25.59819350827444,25.28385496821152,35.06752117189288,24.832959487296858,26.660563057907986,27.859922178988334,27.96749828336005,29.179789425497844,29.606591897459374,35.06752117189288,20.34048981460289,20.58594644083314,22.007324330510418,22.36896314946212,22.86266880292973,22.713664454108493,35.06752117189288,3
22.52362138057032,23.230931244037887,23.463880018664693,24.043322652482605,24.570945529436354,24.49158972551894,32.029054252683856,27.219043259327066,28.160814831769283,27.594415197985807,28.313115129320213,27.89045548180361,27.46289768825818,33.013695517117355,19.179674982833607,19.823392080567633,20.85424582284275,20.333623254749376,21.910414282444503,22.35523002975509,31.36486610208286,3
20.55893375584889,22.878698250350517,22.653858828993062,22.47734087927181,24.532850802353963,23.94702184834444,32.029054252683856,21.70693522545205,26.83295948729686,26.66042572671091,25.80274662394141,28.672465094987416,27.04664682993818,33.013695517117355,20.12854200045777,20.12359807736324,20.57221332112611,20.226939803158622,20.666056305790807,21.989013504234386,31.36486610208286,2
24.349572435105916,20.91763912086737,20.88483617824308,22.62731637764703,23.343856205919206,23.010327019200005,32.029054252683856,26.89771416972928,22.657541771572447,23.47136644541084,25.00144197756924,28.11398489356833,27.91895170519572,33.013695517117355,22.780079059007804,19.566170748455026,18.388006408789195,18.216983291371022,19.394140535591678,19.615472648203248,31.36486610208286,2
24.58940126084819,26.31354200562906,27.013118932440477,27.557624284236866,29.071313905956828,30.260384804983932,32.029054252683856,27.91485465781643,30.679697871366436,31.923323414969097,33.01441977569239,33.721675440604265,33.721675440604265,33.013695517117355,22.173952849622346,22.591989013504236,23.721675440604265,23.913023575188834,23.54808880750744,25.029869535362785,31.36486610208286,0
26.013738189224743,27.253926134467306,28.413825424449747,29.0894051745317,29.145562855666086,28.967788612756472,29.538796063172345,29.15788509956512,30.830304417486836,32.1515220874342,33.32156099794004,32.650354772259114,32.12039368276494,29.60720988784618,23.680384527351798,23.956740672922873,25.39024948500801,25.61226825360493,23.804211490043482,25.749599450675213,29.470382238498512,0
26.175660220187147,27.176888527685716,28.073554597144494,28.327822364223895,29.076749716965914,29.508012517170936,32.029054252683856,28.39945067521172,29.953490501258862,31.331975280384516,31.6433966582742,32.27969787136645,32.06454566262303,33.013695517117355,24.21606775005722,24.29965667200733,25.272487983520254,25.71068894483864,25.99450675211719,26.858434424353387,31.36486610208286,0
24.859578003828474,26.09478227473567,26.616860611969642,27.002279973593872,26.998735678841463,27.14086061017964,27.274602937997763,26.935706111238257,28.52721446555276,29.494163424124512,30.157106889448375,30.189974822613863,29.69787136644541,30.185030899519337,24.276607919432372,24.316777294575413,24.34195468070497,24.260379949645227,24.36713206683452,24.666971847104605,24.435385671778448,3
24.349572435105916,25.436179487770058,23.864691729600754,23.36681354927034,25.40240173096932,26.945043023638323,38.622776552750246,26.89771416972928,28.484659447850653,33.048752574959956,26.401922636758982,30.166285191119243,30.489356832227035,38.78558022430762,22.780079059007804,22.994630325845065,22.57724879835203,21.21766994735637,21.883726253147177,24.41863126573586,38.51249713893339,1
24.349572435105916,25.436179487770058,24.120680451538828,23.7949266345875,25.478821161117317,26.734492276720644,32.029054252683856,26.89771416972928,28.484659447850653,28.253421835660333,27.515678644998857,29.0753032730602,29.48043030441748,33.013695517117355,22.780079059007804,22.994630325845065,21.828793774319067,21.499198901350425,21.723506523231865,23.88647287708858,31.36486610208286,1
21.113281634402462,22.52289585858599,23.554493824638648,24.13598877630099,26.52932331247491,28.75942715544148,32.029054252683856,23.319203479056995,26.27514305333027,28.26225680933853,29.583428702220196,31.24284733348591,31.40764476997024,33.013695517117355,18.635843442435338,18.94541084916456,20.549141680018312,20.31357289997712,21.15939574273289,25.80274662394141,31.36486610208286,3
24.67960113941373,26.196580729877926,27.040809448755763,27.84558873336748,27.46076209782541,27.73811562107265,32.029054252683856,27.523712520027477,29.5173266193637,30.164797436484324,30.624856946669716,30.92634470130462,31.253284504463256,33.013695517117355,22.845639734493016,23.28679331654841,24.441977569237824,24.96681162737468,23.847562371252017,24.39230945296407,31.36486610208286,0
19.368018764151394,21.135146316831626,22.459044453233236,23.466946174006605,25.20853676623439,26.57084893102916,32.029054252683856,22.45708400091554,25.5390249485008,28.15854886701762,29.73678187228198,30.2563515678645,30.333760585946436,33.013695517117355,17.134355687800408,17.676813916227967,19.31105516136417,19.22636758983749,20.09723048752575,21.7388189517052,31.36486610208286,2
26.3750625431823,25.715340220320638,26.18117729007828,26.874921859672128,27.732730539363587,27.76490455693343,32.029054252683856,28.72071412222477,30.37047379262988,29.967956054016938,30.35934996566719,30.997528038452725,30.88205539024948,33.013695517117355,22.408262760357065,22.620943007553215,23.183794918745704,23.048477912565804,24.07644769970245,23.97862211032274,31.36486610208286,0
24.52173788744642,25.39883945865417,26.50367875227461,26.82849237164713,27.489938249247896,27.093021614155063,32.029054252683856,27.402609292744337,28.06363012130923,29.468986037994966,29.95362783245593,30.425726710917832,31.421377889677263,33.013695517117355,22.88853284504464,23.01670862897689,24.291599908445875,24.378576333257044,24.829480430304407,24.98054474708171,31.36486610208286,0
27.526196152353496,27.32825467756915,27.084547470142635,27.459379403703707,28.369629500173733,28.212060868838954,32.029054252683856,28.16433966582743,29.32533760585946,30.110093842984654,30.920851453421832,31.38017853055618,30.835385671778436,33.013695517117355,27.192652780956735,25.884184023804067,24.140535591668577,24.68070496681163,24.717326619363703,25.330395971618216,31.36486610208286,0
23.056397052295086,24.400154195781884,24.923763208301782,25.78939917205695,26.452046640477104,26.903890469225967,32.029054252683856,26.02517738612954,26.770428015564192,27.40883497367818,28.48706797894255,29.365987640192262,29.322957198443586,33.013695517117355,22.041657129777988,22.203753719386594,22.70771343556877,23.28679331654841,23.70794232089723,24.61661707484551,31.36486610208286,3
24.88575390013765,26.094636216759078,26.472500509721616,27.195650019612618,27.283698901670633,27.659591749515556,32.029054252683856,27.481071183337136,28.906935225452035,29.45525291828794,30.220645456626222,30.43945983062485,30.29526207370107,33.013695517117355,23.891416800183112,23.97079423208973,24.51421377889677,24.9274433508812,23.76276035706111,24.403753719386582,31.36486610208286,0
26.369052804794197,27.855026983281977,28.641143942914066,28.80288587840218,28.99334136666527,28.93368277732736,32.029054252683856,28.98956282902266,30.4119935912108,31.4914168001831,32.60947585259786,31.459418631265734,30.65003433279927,33.013695517117355,25.10167086289769,25.353627832455945,26.58731975280384,26.45227740901808,27.003891050583647,27.200732433051037,31.36486610208286,0
26.0790255447567,26.788857480885728,27.288642325031606,28.018343353996148,29.26569361444681,29.93130461926402,32.029054252683856,27.74261844815747,29.734309910734716,31.71206225680933,32.8457770656901,33.42481116960403,32.97573815518426,33.013695517117355,25.444609750514992,24.406225680933847,24.692149233234147,24.483131151293207,24.542458228427556,26.01567864499885,31.36486610208286,0
24.757107976658613,25.830103790452146,26.517481830899214,27.62033811068302,28.35768542051179,28.970542311962852,32.029054252683856,27.434927901121547,28.521766994735636,30.48386358434423,31.680750743877304,31.99359121080337,31.881437399862666,33.013695517117355,23.258091096360715,23.29695582513161,23.907072556649123,24.279789425497835,23.451819638361176,24.5441062027924,31.36486610208286,0
25.706021377494558,26.709320924172452,27.230623736952484,27.935302755513106,27.593401278861943,27.732502483951222,32.029054252683856,27.838223849851232,29.468986037994966,30.05951018539712,31.135271229114213,30.8766308079652,30.6207370107576,33.013695517117355,24.54438086518654,24.36713206683452,24.70588235294117,25.226482032501714,24.98054474708171,25.14488441290913,31.36486610208286,0
16.63230490721356,19.12504481259514,19.659471128685638,20.547853139504163,23.672124260703484,25.18641753000864,32.029054252683856,18.423437857633317,23.257358663309677,23.716182192721433,25.665255207141218,28.22613870450904,28.444609750514996,33.013695517117355,16.124238956282895,15.265690089265275,15.170519569695584,16.427100022888524,18.13229571984435,21.1787594415198,31.36486610208286,2
25.05954049240814,26.721697541874573,27.409482353257857,28.181144438127742,29.787015528426465,30.272403388151268,32.029054252683856,27.746120393682773,30.043648432135495,31.25658045319294,32.236209658960874,33.04053559166857,32.76175326161594,33.013695517117355,22.90629434653238,23.40352483405813,24.916456855115584,24.916456855115584,26.234493018997476,26.94250400549325,31.36486610208286,0
23.126176471926097,24.302036066086274,24.33917454578609,24.428489848653726,25.765819041136574,25.27666558470161,32.029054252683856,25.24934767681392,26.708903639276713,26.646829938200952,27.074044403753703,29.19478141451135,28.513847562371254,33.013695517117355,21.822865644312206,22.03726253147174,22.502517738612962,22.632982375829705,22.87479972533761,23.03044174868392,31.36486610208286,3
24.349572435105916,25.436179487770058,25.013514491713085,24.409437099214188,24.116079594131488,24.281357454421567,32.029054252683856,26.89771416972928,28.484659447850653,26.281025406271446,26.693408102540623,26.401922636758982,26.43854428931105,33.013695517117355,22.780079059007804,22.994630325845065,24.239848935683224,22.22476539253834,21.764705882352946,21.97528038452735,31.36486610208286,1
24.349572435105916,18.09848783057395,18.900302379526995,19.48681878489726,24.596854781507396,25.70130871939358,32.029054252683856,26.89771416972928,20.532524605172807,25.407370107576103,25.296223392080574,29.5948729686427,29.82249942778667,33.013695517117355,22.780079059007804,16.836163881895168,15.557152666514071,15.639734493018992,16.033417257953758,19.53078507667659,31.36486610208286,2
24.536916284922242,26.09035256046785,26.592491074034168,27.386695963094276,27.611103751926436,28.143427224547008,32.029054252683856,25.93499656672008,28.100251773861302,29.42870222018768,30.43945983062485,30.8766308079652,30.947356374456387,33.013695517117355,23.465323872739763,23.47548638132296,24.378576333257044,24.566262302586413,24.0009155413138,24.35339894712749,31.36486610208286,0
17.03748317070784,18.73740947442853,18.919097335258503,18.69004805486884,19.94544154530923,19.80370466929611,32.029054252683856,19.680842298008695,23.368162050812543,24.1417257953765,23.714671549553675,26.50034332799267,25.44911879148546,33.013695517117355,15.886930647745473,15.82073701075761,16.067017624170294,16.120393682764927,16.503501945525286,16.862073701075758,31.36486610208286,2
16.48538271812217,18.19878707097553,18.385259263866683,18.722249742489964,21.101299458169265,23.321299557496243,32.029054252683856,21.28061341268025,26.053788052185844,24.52964065003433,24.588807507438776,26.94209201190204,27.4845502403296,33.013695517117355,14.701304646372163,14.468299382009613,14.859739070725562,14.47928587777524,14.95078965438316,17.458113984893565,31.36486610208286,2
25.84792102886577,26.585541474001904,27.360197752630533,27.664297707843975,29.108525051907208,29.991498630845722,32.029054252683856,28.466010528725107,29.315632867933164,30.6464408331426,30.931563286793303,32.31000228885331,32.50016021972993,33.013695517117355,24.55481803616388,24.588921950103007,25.39947356374456,24.96681162737468,25.327901121538105,27.124971389333936,31.36486610208286,0
24.349572435105916,25.436179487770058,26.009960759698235,26.65242206266669,27.035326945308547,28.00308985485504,32.029054252683856,26.89771416972928,28.484659447850653,29.50560769054704,31.35875486381322,31.041336690318143,30.67750057221332,33.013695517117355,22.780079059007804,22.994630325845065,24.090501258869303,23.529411764705888,23.77203021286336,25.188601510643164,31.36486610208286,1
26.16752781386796,27.5304931123431,27.65555219650095,27.70943300079781,28.190456473606297,28.825556852239945,32.029054252683856,26.561043717097725,29.11833371480889,30.255390249485004,30.80379949645227,31.58617532616158,31.94694438086517,33.013695517117355,25.704188601510637,25.446555275806812,25.915197985809108,24.56019684138247,24.57821011673153,25.452048523689623,31.36486610208286,0
25.74850014531588,27.126014265105947,27.417327669340942,27.42504911166159,27.45917497608172,27.366464051691487,32.029054252683856,28.39624628061342,30.04337376974135,30.62183566033417,30.737560082398694,30.70496681162737,30.25999084458686,33.013695517117355,24.860425726710922,24.89127946898604,25.37953765163653,25.289539940489817,24.75394827191577,24.98054474708171,31.36486610208286,0
24.349572435105916,27.051609300592567,27.389567059298443,28.1735173661805,29.280944914037295,29.747085690937553,32.029054252683856,26.89771416972928,29.12579537651637,30.368963149462104,31.476310368505377,32.4037537193866,32.43662165255207,33.013695517117355,22.780079059007804,25.010666056305798,25.17006179903868,25.67956054016938,23.765163653009843,26.950835431448837,31.36486610208286,0
21.350651514872943,21.38676227255491,22.023080800548183,22.202785640655485,22.313970691421275,22.021908044026276,32.029054252683856,32.03428702220188,33.371938658731985,24.235065232318608,24.581094071869995,29.031357289997707,26.237422751201642,33.013695517117355,19.85085831998169,19.824216067750054,20.284733348592365,19.684138246738385,19.358297093156338,19.42092011902038,31.36486610208286,2
23.382267675638055,24.23665834710209,24.61711384387073,25.123062519771036,26.263370871571276,26.580207883091923,32.029054252683856,25.7219501029984,26.57358663309681,27.191668574044396,28.411535820553908,29.290455481803622,29.617395284962235,33.013695517117355,22.27324330510415,22.33005264362555,22.17212176699473,22.421606775005728,22.049210345616846,21.581963836118103,31.36486610208286,3
22.44265482806911,22.76892955530326,24.374109238757075,24.042592198188746,24.129010504152777,24.150316619477692,32.029054252683856,23.079629205767915,23.733119707026766,26.300091554131374,26.29205767910277,26.62394140535591,26.63538567177844,33.013695517117355,21.524765392538345,21.203318837262533,22.70959029526207,22.57724879835203,21.776150148775468,21.75097276264591,31.36486610208286,1
22.542316492387066,23.8069764175087,24.52847553808036,25.492694222521877,25.512742357738354,25.68973515933143,32.029054252683856,24.494644083314263,26.40421149004348,27.626115815976195,29.25154497596704,29.672693980315856,29.68642710002289,33.013695517117355,20.72332341496911,21.104943923094527,21.803616388189525,22.70304417486838,22.01419089036393,22.4078736552987,31.36486610208286,3
26.16428785149094,26.2079603360521,26.39317620781244,27.020969512831304,29.22303540318601,30.31726739226426,32.029054252683856,29.647631036850534,31.490043488212397,31.158457312886217,31.493202105745006,32.984664682993824,33.05278095674068,33.013695517117355,23.92538338292516,24.01235980773633,23.543144884412907,24.375944151979862,24.87983520256352,26.445960173952848,31.36486610208286,0
25.129462330948282,26.291000995059417,26.752241226150325,27.694977621631864,27.395480974661453,27.351814922159225,32.029054252683856,27.01696040283817,28.44815747310598,29.63183794918746,30.70496681162737,30.334309910734724,29.50560769054704,33.013695517117355,23.802265964751648,23.658594644083315,24.22751201647975,25.033531700617992,24.241245136186773,24.26642252231632,31.36486610208286,0
24.916951251305036,26.788395777856138,27.67259576105726,28.01572851875732,28.71922077760047,29.59774977939566,33.34859235523004,27.83646143282216,30.70622568093385,31.94534218356602,32.38205539024949,32.58411535820555,32.52689402609293,33.34859235523004,23.12039368276493,23.503662165255204,24.955367360952177,25.339894712748915,24.591439688715948,25.842389562829027,33.34859235523004,0
25.662079753736375,26.418990706945436,27.02327158926144,27.824956887166746,27.971587175581142,27.75778317615573,32.029054252683856,28.313115129320213,29.724971389333938,30.984206912336923,31.55870908674753,31.28404669260699,30.549691004806593,33.013695517117355,22.977798123140307,23.310368505378797,24.187731746395063,24.77054245822843,25.01716639963378,25.198443579766536,31.36486610208286,0
22.43023417820567,23.88559658708996,24.562625182905006,25.192537979387094,26.519043985722572,26.860953077160598,32.029054252683856,25.60228885328451,26.813092240787356,27.85305561913482,28.72281986724651,30.006866559853503,29.50560769054704,33.013695517117355,20.368505378805228,20.599679560540167,22.6161593041886,22.74662394140536,23.4556420233463,24.548775463492788,31.36486610208286,3
25.365082402398066,27.0361412214419,26.783307056191298,27.06486608040035,27.625598927790787,27.620604484523945,34.97573433739879,28.040558480201433,29.892423895628287,30.15106431677729,30.531013962005037,31.224444953078493,30.86678873884184,35.08409246967269,24.62320897230488,24.668345159075308,24.789700160219727,24.84321355001144,24.612840466926073,25.287937743190664,34.8665140764477,0
25.551929075962644,26.767571487932273,27.78235767188252,28.8523642481642,29.43696646574523,29.39561257330701,32.029054252683856,28.873884184023808,32.482558937972094,32.925154497596715,34.227168688487076,33.9436942092012,33.81151293202104,33.013695517117355,23.444815747310603,23.76058594644083,24.075944151979858,24.747653925383382,25.93499656672008,26.044861524376287,31.36486610208286,0
26.998716165907645,28.581353684941863,29.29355384694156,30.127595470095848,30.825980962771606,31.338080890317336,32.029054252683856,30.431654840924693,32.68711375600825,33.60329594872969,34.593499656671995,35.19089036392766,34.42893110551614,33.013695517117355,25.102037079423212,25.400572213321126,26.44705882352941,26.90615701533531,24.64179446097505,27.003891050583647,31.36486610208286,0
21.285696452078557,21.908213868130996,22.70244149170115,23.051504342059744,23.87330652934343,23.0818015416543,23.51148888678074,30.574044403753717,25.13723964293888,26.88258182650492,27.040787365529862,28.487411306935225,29.364110780498972,27.9060425726711,18.681620508125423,19.54868390936142,20.544747081712057,20.43689631494622,18.793774319066145,18.702769512474248,19.393453879606326,2
25.778064462966658,27.317973218979187,28.284403260712814,29.172492906585727,30.66059172449333,31.258231837213852,32.029054252683856,28.914648661020827,30.58777752346074,32.170473792629906,33.18519111924926,34.13595788509957,34.27219043259327,33.013695517117355,23.956168459601745,24.41748683909361,25.57564660105287,26.008239871824216,26.82078278782329,27.92858777752346,31.36486610208286,0
25.661420039686643,26.72113533228983,27.545777308074005,28.410475267628637,28.93945246828569,29.492050837733142,32.029054252683856,27.322568093385204,28.86243991760128,30.28152895399404,31.1879148546578,31.65712977798123,31.824216067750047,33.013695517117355,24.123208972304873,24.537766079194324,24.916456855115584,25.62600137331196,25.328450446326386,25.749599450675213,31.36486610208286,0
24.349572435105916,26.93720284005885,27.668166526601514,27.758847653926296,28.988794255659215,29.78505695583276,32.029054252683856,26.89771416972928,28.676585030899517,30.2563515678645,30.4119935912108,32.27969787136645,32.30945296406502,33.013695517117355,22.780079059007804,25.705195696955826,26.084092469672694,25.165941863126573,25.674067292286573,26.074937056534665,31.36486610208286,0
24.349572435105916,25.800282237471027,26.284568280764557,26.536028379539044,27.834717520981005,27.95701669993496,32.029054252683856,26.89771416972928,26.88168917372396,29.527397573815524,30.073243305104143,31.270313572899965,32.02334630350193,33.013695517117355,22.780079059007804,24.692149233234147,24.47928587777524,23.950560769054704,24.165712977798123,23.83611810482948,31.36486610208286,1
26.26281250512061,27.769642300321742,28.475000233324703,29.08964109147049,30.20460717738039,30.85565171306273,32.029054252683856,27.991302357518883,30.664454108491647,32.10748455024034,33.076218814374,34.30615701533531,33.76974135957886,33.013695517117355,24.598123140306708,25.28484779125658,25.62600137331196,26.27832455939573,24.165712977798123,26.85303273060196,31.36486610208286,0
23.405195232656972,24.92304340840874,25.458161866730393,26.45312525273637,27.18651529671752,27.129420036683214,32.029054252683856,26.14479285877775,27.46841382467384,28.28239871824216,29.32936598764019,29.73678187228198,29.830212863355456,33.013695517117355,22.485694666971845,22.538338292515448,23.06935225452048,23.80846875715266,23.76058594644083,23.713160906385905,31.36486610208286,3
24.349572435105916,26.91625449104927,26.964501118364623,27.25778057615376,29.017131393342655,30.59869035113772,32.029054252683856,26.89771416972928,30.685076676585012,30.945754177157237,31.71206225680933,33.77855344472419,34.023804074158846,33.013695517117355,22.780079059007804,24.597001602197295,24.340306706340126,24.51819638361181,24.26642252231632,25.848020141908908,31.36486610208286,0
22.825063186964716,24.387908119212067,25.206055034920144,25.714354015207547,25.62809280710684,25.793995453295366,32.029054252683856,25.360288395513855,26.96726939803157,27.52723735408561,28.324559395742742,28.523689631494623,28.78198672465095,33.013695517117355,21.655939574273297,21.769741359578855,22.36896314946212,22.222842755779357,22.810711833371485,23.12863355458915,31.36486610208286,3
23.795140985557435,25.5679030990445,26.173475219040185,27.17147912722551,29.38660041317986,29.954996268206326,32.029054252683856,25.50226596475166,29.220462348363462,30.732478828107105,31.966124971389323,33.857816433966576,34.07699702449074,33.013695517117355,22.726619363698784,23.002243076218814,22.87285420004578,23.65758754863813,23.67132066834516,24.16131837949187,31.36486610208286,0
26.767544495298683,27.59626556998586,28.169628430800604,28.750617825161378,28.815641310449738,28.74605716893361,32.029054252683856,29.10425726710918,30.554222934309905,31.10780498970016,31.50954451819637,31.21538109407186,30.783291371023104,33.013695517117355,25.297871366445406,25.224101625085833,25.550469214923325,26.051499198901343,26.40386816205081,26.5018310826276,31.36486610208286,0
